,dataset,prob_labels,n_data,dim_reduction_technique,dimension,gamma,n_samples,Accuracy,RMSE
0,CIFAR10,prob_label_effnetb0,50000,CLIP+UMAP,20,1e-06,10,0.10248,0.31009289329482687
1,CIFAR10,prob_label_effnetb0,50000,CLIP+UMAP,20,1e-06,10,0.19466,0.31678920383311837
2,CIFAR10,prob_label_effnetb0,50000,CLIP+UMAP,20,1e-06,10,0.20062,0.30082221942075166
3,CIFAR10,prob_label_effnetb0,50000,CLIP+UMAP,20,1e-06,10,0.1002,0.2975934448851839
4,CIFAR10,prob_label_effnetb0,50000,CLIP+UMAP,20,1e-06,10,0.1,0.3245077309041274
5,CIFAR10,prob_label_effnetb0,50000,CLIP+UMAP,20,1e-06,25,0.10086,0.3057386651607842
6,CIFAR10,prob_label_effnetb0,50000,CLIP+UMAP,20,1e-06,25,0.37536,0.3009155645066311
7,CIFAR10,prob_label_effnetb0,50000,CLIP+UMAP,20,1e-06,25,0.09552,0.29842406882003025
8,CIFAR10,prob_label_effnetb0,50000,CLIP+UMAP,20,1e-06,25,0.2001,0.2971089500252905
9,CIFAR10,prob_label_effnetb0,50000,CLIP+UMAP,20,1e-06,25,0.10042,0.30190742124932374
10,CIFAR10,prob_label_effnetb0,50000,CLIP+UMAP,20,1e-06,50,0.10086,0.2976099700425932
11,CIFAR10,prob_label_effnetb0,50000,CLIP+UMAP,20,1e-06,50,0.10086,0.29645566853170713
12,CIFAR10,prob_label_effnetb0,50000,CLIP+UMAP,20,1e-06,50,0.09952,0.2966465777966524
13,CIFAR10,prob_label_effnetb0,50000,CLIP+UMAP,20,1e-06,50,0.09552,0.30087536600885256
14,CIFAR10,prob_label_effnetb0,50000,CLIP+UMAP,20,1e-06,50,0.09902,0.295867065899959
15,CIFAR10,prob_label_effnetb0,50000,CLIP+UMAP,20,1e-06,100,0.10248,0.29577865890714616
16,CIFAR10,prob_label_effnetb0,50000,CLIP+UMAP,20,1e-06,100,0.1,0.29463522530513386
17,CIFAR10,prob_label_effnetb0,50000,CLIP+UMAP,20,1e-06,100,0.09902,0.29677678182203643
18,CIFAR10,prob_label_effnetb0,50000,CLIP+UMAP,20,1e-06,100,0.09952,0.29553168315047385
19,CIFAR10,prob_label_effnetb0,50000,CLIP+UMAP,20,1e-06,100,0.19548,0.29477921494251436
20,CIFAR10,prob_label_effnetb0,50000,CLIP+UMAP,20,1e-06,250,0.09552,0.2949173185422088
21,CIFAR10,prob_label_effnetb0,50000,CLIP+UMAP,20,1e-06,250,0.10086,0.29478722180367495
22,CIFAR10,prob_label_effnetb0,50000,CLIP+UMAP,20,1e-06,250,0.10048,0.2950849043284164
23,CIFAR10,prob_label_effnetb0,50000,CLIP+UMAP,20,1e-06,250,0.19548,0.29477076633164423
24,CIFAR10,prob_label_effnetb0,50000,CLIP+UMAP,20,1e-06,250,0.19794,0.2948728467643084
25,CIFAR10,prob_label_effnetb0,50000,CLIP+UMAP,20,1e-06,500,0.10042,0.2944641477314823
26,CIFAR10,prob_label_effnetb0,50000,CLIP+UMAP,20,1e-06,500,0.10042,0.29458002366584535
27,CIFAR10,prob_label_effnetb0,50000,CLIP+UMAP,20,1e-06,500,0.10086,0.29457418249548467
28,CIFAR10,prob_label_effnetb0,50000,CLIP+UMAP,20,1e-06,500,0.10248,0.2945287420944687
29,CIFAR10,prob_label_effnetb0,50000,CLIP+UMAP,20,1e-06,500,0.19266,0.2946055709240066
30,CIFAR10,prob_label_effnetb0,50000,CLIP+UMAP,20,1e-06,1000,0.10248,0.29452592410067774
31,CIFAR10,prob_label_effnetb0,50000,CLIP+UMAP,20,1e-06,1000,0.1,0.29443309947958896
32,CIFAR10,prob_label_effnetb0,50000,CLIP+UMAP,20,1e-06,1000,0.09902,0.2945166053884896
33,CIFAR10,prob_label_effnetb0,50000,CLIP+UMAP,20,1e-06,1000,0.1015,0.2944874949120888
34,CIFAR10,prob_label_effnetb0,50000,CLIP+UMAP,20,1e-06,1000,0.10248,0.2944586363112142
35,CIFAR10,prob_label_effnetb0,50000,CLIP+UMAP,20,1e-06,5000,0.09952,0.2943765117698229
36,CIFAR10,prob_label_effnetb0,50000,CLIP+UMAP,20,1e-06,5000,0.1,0.2943740433807892
37,CIFAR10,prob_label_effnetb0,50000,CLIP+UMAP,20,1e-06,5000,0.10248,0.2943479089190563
38,CIFAR10,prob_label_effnetb0,50000,CLIP+UMAP,20,1e-06,5000,0.1002,0.2943716507538875
39,CIFAR10,prob_label_effnetb0,50000,CLIP+UMAP,20,1e-06,5000,0.1,0.29439319574327455
40,CIFAR10,prob_label_effnetb0,50000,CLIP+UMAP,20,1e-06,10000,0.1015,0.29435300244723217
41,CIFAR10,prob_label_effnetb0,50000,CLIP+UMAP,20,1e-06,10000,0.10248,0.29435143573635447
42,CIFAR10,prob_label_effnetb0,50000,CLIP+UMAP,20,1e-06,10000,0.10248,0.29436000432604903
43,CIFAR10,prob_label_effnetb0,50000,CLIP+UMAP,20,1e-06,10000,0.1002,0.2943528365534629
44,CIFAR10,prob_label_effnetb0,50000,CLIP+UMAP,20,1e-06,10000,0.10042,0.2943576363480109
45,CIFAR10,prob_label_effnetb0,50000,CLIP+UMAP,20,1e-06,100000,0.1002,0.2943430552477032
46,CIFAR10,prob_label_effnetb0,50000,CLIP+UMAP,20,1e-06,100000,0.10248,0.2943426432416804
47,CIFAR10,prob_label_effnetb0,50000,CLIP+UMAP,20,1e-06,100000,0.10248,0.2943427232335564
48,CIFAR10,prob_label_effnetb0,50000,CLIP+UMAP,20,1e-06,100000,0.10248,0.2943424405557627
49,CIFAR10,prob_label_effnetb0,50000,CLIP+UMAP,20,1e-06,100000,0.10248,0.29434283543765083
50,CIFAR10,prob_label_effnetb0,50000,CLIP+UMAP,20,1e-05,10,0.10042,0.3101445974644127
51,CIFAR10,prob_label_effnetb0,50000,CLIP+UMAP,20,1e-05,10,0.1,0.31523390825760733
52,CIFAR10,prob_label_effnetb0,50000,CLIP+UMAP,20,1e-05,10,0.36706,0.30763981906530785
53,CIFAR10,prob_label_effnetb0,50000,CLIP+UMAP,20,1e-05,10,0.29148,0.3044362357185878
54,CIFAR10,prob_label_effnetb0,50000,CLIP+UMAP,20,1e-05,10,0.1985,0.3008527910310238
55,CIFAR10,prob_label_effnetb0,50000,CLIP+UMAP,20,1e-05,25,0.10042,0.29750572619472687
56,CIFAR10,prob_label_effnetb0,50000,CLIP+UMAP,20,1e-05,25,0.10248,0.30007044544588
57,CIFAR10,prob_label_effnetb0,50000,CLIP+UMAP,20,1e-05,25,0.09952,0.30175648439903346
58,CIFAR10,prob_label_effnetb0,50000,CLIP+UMAP,20,1e-05,25,0.18958,0.3005881411482865
59,CIFAR10,prob_label_effnetb0,50000,CLIP+UMAP,20,1e-05,25,0.10042,0.3043229690749451
60,CIFAR10,prob_label_effnetb0,50000,CLIP+UMAP,20,1e-05,50,0.1,0.2954414319534035
61,CIFAR10,prob_label_effnetb0,50000,CLIP+UMAP,20,1e-05,50,0.10086,0.29766266375344236
62,CIFAR10,prob_label_effnetb0,50000,CLIP+UMAP,20,1e-05,50,0.19072,0.2958725984223627
63,CIFAR10,prob_label_effnetb0,50000,CLIP+UMAP,20,1e-05,50,0.09902,0.29835171430197954
64,CIFAR10,prob_label_effnetb0,50000,CLIP+UMAP,20,1e-05,50,0.09902,0.29652053180217475
65,CIFAR10,prob_label_effnetb0,50000,CLIP+UMAP,20,1e-05,100,0.09552,0.2971273098436929
66,CIFAR10,prob_label_effnetb0,50000,CLIP+UMAP,20,1e-05,100,0.09552,0.29766627878441765
67,CIFAR10,prob_label_effnetb0,50000,CLIP+UMAP,20,1e-05,100,0.19846,0.29488061513873476
68,CIFAR10,prob_label_effnetb0,50000,CLIP+UMAP,20,1e-05,100,0.10248,0.29575250796420816
69,CIFAR10,prob_label_effnetb0,50000,CLIP+UMAP,20,1e-05,100,0.20036,0.29503219693369964
70,CIFAR10,prob_label_effnetb0,50000,CLIP+UMAP,20,1e-05,250,0.10048,0.2945334267278767
71,CIFAR10,prob_label_effnetb0,50000,CLIP+UMAP,20,1e-05,250,0.1,0.2949530861937353
72,CIFAR10,prob_label_effnetb0,50000,CLIP+UMAP,20,1e-05,250,0.1015,0.2949093841285669
73,CIFAR10,prob_label_effnetb0,50000,CLIP+UMAP,20,1e-05,250,0.19072,0.2950040263195629
74,CIFAR10,prob_label_effnetb0,50000,CLIP+UMAP,20,1e-05,250,0.20136,0.29468008482773167
75,CIFAR10,prob_label_effnetb0,50000,CLIP+UMAP,20,1e-05,500,0.10248,0.29455999710743574
76,CIFAR10,prob_label_effnetb0,50000,CLIP+UMAP,20,1e-05,500,0.1,0.2946587760962842
77,CIFAR10,prob_label_effnetb0,50000,CLIP+UMAP,20,1e-05,500,0.1015,0.29451464376116293
78,CIFAR10,prob_label_effnetb0,50000,CLIP+UMAP,20,1e-05,500,0.1,0.29463158676684353
79,CIFAR10,prob_label_effnetb0,50000,CLIP+UMAP,20,1e-05,500,0.1,0.2945614979718783
80,CIFAR10,prob_label_effnetb0,50000,CLIP+UMAP,20,1e-05,1000,0.1015,0.2944705407991356
81,CIFAR10,prob_label_effnetb0,50000,CLIP+UMAP,20,1e-05,1000,0.1002,0.29439750989354074
82,CIFAR10,prob_label_effnetb0,50000,CLIP+UMAP,20,1e-05,1000,0.10248,0.2945195945236109
83,CIFAR10,prob_label_effnetb0,50000,CLIP+UMAP,20,1e-05,1000,0.10248,0.2944207012681276
84,CIFAR10,prob_label_effnetb0,50000,CLIP+UMAP,20,1e-05,1000,0.1002,0.29457568752623564
85,CIFAR10,prob_label_effnetb0,50000,CLIP+UMAP,20,1e-05,5000,0.10042,0.2943326177522297
86,CIFAR10,prob_label_effnetb0,50000,CLIP+UMAP,20,1e-05,5000,0.1002,0.2943568570458597
87,CIFAR10,prob_label_effnetb0,50000,CLIP+UMAP,20,1e-05,5000,0.1002,0.294367558702546
88,CIFAR10,prob_label_effnetb0,50000,CLIP+UMAP,20,1e-05,5000,0.10086,0.2943562319330485
89,CIFAR10,prob_label_effnetb0,50000,CLIP+UMAP,20,1e-05,5000,0.10048,0.29436993000677414
90,CIFAR10,prob_label_effnetb0,50000,CLIP+UMAP,20,1e-05,10000,0.10248,0.2943361218034402
91,CIFAR10,prob_label_effnetb0,50000,CLIP+UMAP,20,1e-05,10000,0.1015,0.29434504640906306
92,CIFAR10,prob_label_effnetb0,50000,CLIP+UMAP,20,1e-05,10000,0.1,0.29434696933729054
93,CIFAR10,prob_label_effnetb0,50000,CLIP+UMAP,20,1e-05,10000,0.10248,0.2943297981309594
94,CIFAR10,prob_label_effnetb0,50000,CLIP+UMAP,20,1e-05,10000,0.10248,0.2943358574261258
95,CIFAR10,prob_label_effnetb0,50000,CLIP+UMAP,20,1e-05,100000,0.10248,0.294324434769032
96,CIFAR10,prob_label_effnetb0,50000,CLIP+UMAP,20,1e-05,100000,0.10248,0.29432341634452985
97,CIFAR10,prob_label_effnetb0,50000,CLIP+UMAP,20,1e-05,100000,0.10086,0.29432618486885637
98,CIFAR10,prob_label_effnetb0,50000,CLIP+UMAP,20,1e-05,100000,0.18348,0.29432336753584376
99,CIFAR10,prob_label_effnetb0,50000,CLIP+UMAP,20,1e-05,100000,0.10248,0.29432407653038356
100,CIFAR10,prob_label_effnetb0,50000,CLIP+UMAP,20,0.0001,10,0.09552,0.3141944287818943
101,CIFAR10,prob_label_effnetb0,50000,CLIP+UMAP,20,0.0001,10,0.1002,0.31039625778843455
102,CIFAR10,prob_label_effnetb0,50000,CLIP+UMAP,20,0.0001,10,0.09902,0.3068315204299218
103,CIFAR10,prob_label_effnetb0,50000,CLIP+UMAP,20,0.0001,10,0.29264,0.3041070631301443
104,CIFAR10,prob_label_effnetb0,50000,CLIP+UMAP,20,0.0001,10,0.10248,0.31147263109857487
105,CIFAR10,prob_label_effnetb0,50000,CLIP+UMAP,20,0.0001,25,0.1015,0.29863880583016017
106,CIFAR10,prob_label_effnetb0,50000,CLIP+UMAP,20,0.0001,25,0.18412,0.30041460487006233
107,CIFAR10,prob_label_effnetb0,50000,CLIP+UMAP,20,0.0001,25,0.19348,0.2968267386597315
108,CIFAR10,prob_label_effnetb0,50000,CLIP+UMAP,20,0.0001,25,0.09902,0.3030666110646381
109,CIFAR10,prob_label_effnetb0,50000,CLIP+UMAP,20,0.0001,25,0.10042,0.29883835218943244
110,CIFAR10,prob_label_effnetb0,50000,CLIP+UMAP,20,0.0001,50,0.38552,0.2969981748953504
111,CIFAR10,prob_label_effnetb0,50000,CLIP+UMAP,20,0.0001,50,0.10048,0.2977663185604916
112,CIFAR10,prob_label_effnetb0,50000,CLIP+UMAP,20,0.0001,50,0.2634,0.29596198936672913
113,CIFAR10,prob_label_effnetb0,50000,CLIP+UMAP,20,0.0001,50,0.1,0.29767619715712507
114,CIFAR10,prob_label_effnetb0,50000,CLIP+UMAP,20,0.0001,50,0.09952,0.2966568771102686
115,CIFAR10,prob_label_effnetb0,50000,CLIP+UMAP,20,0.0001,100,0.10048,0.2947856228360622
116,CIFAR10,prob_label_effnetb0,50000,CLIP+UMAP,20,0.0001,100,0.1015,0.2952308488280653
117,CIFAR10,prob_label_effnetb0,50000,CLIP+UMAP,20,0.0001,100,0.19414,0.2961509216792833
118,CIFAR10,prob_label_effnetb0,50000,CLIP+UMAP,20,0.0001,100,0.1015,0.29589582475005527
119,CIFAR10,prob_label_effnetb0,50000,CLIP+UMAP,20,0.0001,100,0.10042,0.29466060461954047
120,CIFAR10,prob_label_effnetb0,50000,CLIP+UMAP,20,0.0001,250,0.20118,0.29517948526816373
121,CIFAR10,prob_label_effnetb0,50000,CLIP+UMAP,20,0.0001,250,0.20118,0.2948622268138648
122,CIFAR10,prob_label_effnetb0,50000,CLIP+UMAP,20,0.0001,250,0.10086,0.2951508429699518
123,CIFAR10,prob_label_effnetb0,50000,CLIP+UMAP,20,0.0001,250,0.10086,0.29495192709204004
124,CIFAR10,prob_label_effnetb0,50000,CLIP+UMAP,20,0.0001,250,0.1,0.2944969936503718
125,CIFAR10,prob_label_effnetb0,50000,CLIP+UMAP,20,0.0001,500,0.09902,0.2942791577884295
126,CIFAR10,prob_label_effnetb0,50000,CLIP+UMAP,20,0.0001,500,0.1002,0.294393073863456
127,CIFAR10,prob_label_effnetb0,50000,CLIP+UMAP,20,0.0001,500,0.10042,0.29475252519265166
128,CIFAR10,prob_label_effnetb0,50000,CLIP+UMAP,20,0.0001,500,0.10248,0.29438994838648713
129,CIFAR10,prob_label_effnetb0,50000,CLIP+UMAP,20,0.0001,500,0.10042,0.2946450371946853
130,CIFAR10,prob_label_effnetb0,50000,CLIP+UMAP,20,0.0001,1000,0.10248,0.29427200570267875
131,CIFAR10,prob_label_effnetb0,50000,CLIP+UMAP,20,0.0001,1000,0.20118,0.2942179018143346
132,CIFAR10,prob_label_effnetb0,50000,CLIP+UMAP,20,0.0001,1000,0.10086,0.294323858627403
133,CIFAR10,prob_label_effnetb0,50000,CLIP+UMAP,20,0.0001,1000,0.10042,0.2942701262727281
134,CIFAR10,prob_label_effnetb0,50000,CLIP+UMAP,20,0.0001,1000,0.10086,0.29424890976789164
135,CIFAR10,prob_label_effnetb0,50000,CLIP+UMAP,20,0.0001,5000,0.09952,0.29420138252281325
136,CIFAR10,prob_label_effnetb0,50000,CLIP+UMAP,20,0.0001,5000,0.10248,0.2941663204512179
137,CIFAR10,prob_label_effnetb0,50000,CLIP+UMAP,20,0.0001,5000,0.10042,0.29416060285796847
138,CIFAR10,prob_label_effnetb0,50000,CLIP+UMAP,20,0.0001,5000,0.10086,0.2942092781102974
139,CIFAR10,prob_label_effnetb0,50000,CLIP+UMAP,20,0.0001,5000,0.10248,0.29416398649334463
140,CIFAR10,prob_label_effnetb0,50000,CLIP+UMAP,20,0.0001,10000,0.09952,0.2941403828236942
141,CIFAR10,prob_label_effnetb0,50000,CLIP+UMAP,20,0.0001,10000,0.1015,0.29414404074521594
142,CIFAR10,prob_label_effnetb0,50000,CLIP+UMAP,20,0.0001,10000,0.29578,0.29414212410790286
143,CIFAR10,prob_label_effnetb0,50000,CLIP+UMAP,20,0.0001,10000,0.10086,0.29415173653513244
144,CIFAR10,prob_label_effnetb0,50000,CLIP+UMAP,20,0.0001,10000,0.10048,0.294145361006129
145,CIFAR10,prob_label_effnetb0,50000,CLIP+UMAP,20,0.0001,100000,0.10248,0.2941354794001041
146,CIFAR10,prob_label_effnetb0,50000,CLIP+UMAP,20,0.0001,100000,0.20136,0.29413479119001024
147,CIFAR10,prob_label_effnetb0,50000,CLIP+UMAP,20,0.0001,100000,0.10248,0.29413594290748024
148,CIFAR10,prob_label_effnetb0,50000,CLIP+UMAP,20,0.0001,100000,0.20276,0.2941352578214351
149,CIFAR10,prob_label_effnetb0,50000,CLIP+UMAP,20,0.0001,100000,0.10248,0.294135864254817
150,CIFAR10,prob_label_effnetb0,50000,CLIP+UMAP,20,0.001,10,0.36212,0.30662567851605915
151,CIFAR10,prob_label_effnetb0,50000,CLIP+UMAP,20,0.001,10,0.10042,0.31345627392828707
152,CIFAR10,prob_label_effnetb0,50000,CLIP+UMAP,20,0.001,10,0.09902,0.3084993883761652
153,CIFAR10,prob_label_effnetb0,50000,CLIP+UMAP,20,0.001,10,0.28266,0.3024458507502058
154,CIFAR10,prob_label_effnetb0,50000,CLIP+UMAP,20,0.001,10,0.09552,0.3090354593663863
155,CIFAR10,prob_label_effnetb0,50000,CLIP+UMAP,20,0.001,25,0.1015,0.29387365120271614
156,CIFAR10,prob_label_effnetb0,50000,CLIP+UMAP,20,0.001,25,0.10042,0.29729460764438753
157,CIFAR10,prob_label_effnetb0,50000,CLIP+UMAP,20,0.001,25,0.3745,0.2981016915506073
158,CIFAR10,prob_label_effnetb0,50000,CLIP+UMAP,20,0.001,25,0.10086,0.29362837480836534
159,CIFAR10,prob_label_effnetb0,50000,CLIP+UMAP,20,0.001,25,0.10042,0.2995651004972208
160,CIFAR10,prob_label_effnetb0,50000,CLIP+UMAP,20,0.001,50,0.19706,0.29613654342483187
161,CIFAR10,prob_label_effnetb0,50000,CLIP+UMAP,20,0.001,50,0.19518,0.2957882328159455
162,CIFAR10,prob_label_effnetb0,50000,CLIP+UMAP,20,0.001,50,0.11752,0.2956206730547926
163,CIFAR10,prob_label_effnetb0,50000,CLIP+UMAP,20,0.001,50,0.1015,0.29457038979442685
164,CIFAR10,prob_label_effnetb0,50000,CLIP+UMAP,20,0.001,50,0.09902,0.2964286188153603
165,CIFAR10,prob_label_effnetb0,50000,CLIP+UMAP,20,0.001,100,0.29152,0.29280825084343914
166,CIFAR10,prob_label_effnetb0,50000,CLIP+UMAP,20,0.001,100,0.1,0.29321029234301327
167,CIFAR10,prob_label_effnetb0,50000,CLIP+UMAP,20,0.001,100,0.1015,0.2940441987944763
168,CIFAR10,prob_label_effnetb0,50000,CLIP+UMAP,20,0.001,100,0.10086,0.2930231028133962
169,CIFAR10,prob_label_effnetb0,50000,CLIP+UMAP,20,0.001,100,0.19854,0.29423750424724004
170,CIFAR10,prob_label_effnetb0,50000,CLIP+UMAP,20,0.001,250,0.09902,0.2930548534553342
171,CIFAR10,prob_label_effnetb0,50000,CLIP+UMAP,20,0.001,250,0.1,0.29270865278392
172,CIFAR10,prob_label_effnetb0,50000,CLIP+UMAP,20,0.001,250,0.1002,0.29281533003475635
173,CIFAR10,prob_label_effnetb0,50000,CLIP+UMAP,20,0.001,250,0.1015,0.2932778920848869
174,CIFAR10,prob_label_effnetb0,50000,CLIP+UMAP,20,0.001,250,0.10086,0.29320239713671864
175,CIFAR10,prob_label_effnetb0,50000,CLIP+UMAP,20,0.001,500,0.29086,0.29271528247702033
176,CIFAR10,prob_label_effnetb0,50000,CLIP+UMAP,20,0.001,500,0.2025,0.292664589856964
177,CIFAR10,prob_label_effnetb0,50000,CLIP+UMAP,20,0.001,500,0.2945,0.2925852087317191
178,CIFAR10,prob_label_effnetb0,50000,CLIP+UMAP,20,0.001,500,0.19808,0.29227388051999165
179,CIFAR10,prob_label_effnetb0,50000,CLIP+UMAP,20,0.001,500,0.35718,0.29239890701670684
180,CIFAR10,prob_label_effnetb0,50000,CLIP+UMAP,20,0.001,1000,0.20088,0.29228207670946016
181,CIFAR10,prob_label_effnetb0,50000,CLIP+UMAP,20,0.001,1000,0.23602,0.29241701289622096
182,CIFAR10,prob_label_effnetb0,50000,CLIP+UMAP,20,0.001,1000,0.3536,0.29238521296333386
183,CIFAR10,prob_label_effnetb0,50000,CLIP+UMAP,20,0.001,1000,0.19454,0.2924586997245011
184,CIFAR10,prob_label_effnetb0,50000,CLIP+UMAP,20,0.001,1000,0.19938,0.2924378410317232
185,CIFAR10,prob_label_effnetb0,50000,CLIP+UMAP,20,0.001,5000,0.29054,0.29226628764790846
186,CIFAR10,prob_label_effnetb0,50000,CLIP+UMAP,20,0.001,5000,0.19798,0.29232810128003633
187,CIFAR10,prob_label_effnetb0,50000,CLIP+UMAP,20,0.001,5000,0.30412,0.29222307002596176
188,CIFAR10,prob_label_effnetb0,50000,CLIP+UMAP,20,0.001,5000,0.2937,0.29225183251872155
189,CIFAR10,prob_label_effnetb0,50000,CLIP+UMAP,20,0.001,5000,0.29484,0.29226243839598565
190,CIFAR10,prob_label_effnetb0,50000,CLIP+UMAP,20,0.001,10000,0.38894,0.29225089796762693
191,CIFAR10,prob_label_effnetb0,50000,CLIP+UMAP,20,0.001,10000,0.34448,0.292263109552976
192,CIFAR10,prob_label_effnetb0,50000,CLIP+UMAP,20,0.001,10000,0.2974,0.29225922167532115
193,CIFAR10,prob_label_effnetb0,50000,CLIP+UMAP,20,0.001,10000,0.35988,0.2922806613573111
194,CIFAR10,prob_label_effnetb0,50000,CLIP+UMAP,20,0.001,10000,0.38456,0.2922584090605245
195,CIFAR10,prob_label_effnetb0,50000,CLIP+UMAP,20,0.001,100000,0.57992,0.2922376545794661
196,CIFAR10,prob_label_effnetb0,50000,CLIP+UMAP,20,0.001,100000,0.5685,0.29224595481178894
197,CIFAR10,prob_label_effnetb0,50000,CLIP+UMAP,20,0.001,100000,0.63048,0.2922424676703247
198,CIFAR10,prob_label_effnetb0,50000,CLIP+UMAP,20,0.001,100000,0.6765,0.2922470642125612
199,CIFAR10,prob_label_effnetb0,50000,CLIP+UMAP,20,0.001,100000,0.57934,0.29223659347337383
200,CIFAR10,prob_label_effnetb0,50000,CLIP+UMAP,20,0.01,10,0.38104,0.29394265591074864
201,CIFAR10,prob_label_effnetb0,50000,CLIP+UMAP,20,0.01,10,0.19498,0.29327212498337346
202,CIFAR10,prob_label_effnetb0,50000,CLIP+UMAP,20,0.01,10,0.29006,0.2907498087968886
203,CIFAR10,prob_label_effnetb0,50000,CLIP+UMAP,20,0.01,10,0.38888,0.2849846950789251
204,CIFAR10,prob_label_effnetb0,50000,CLIP+UMAP,20,0.01,10,0.35516,0.2904422317525771
205,CIFAR10,prob_label_effnetb0,50000,CLIP+UMAP,20,0.01,25,0.29488,0.28195354379904203
206,CIFAR10,prob_label_effnetb0,50000,CLIP+UMAP,20,0.01,25,0.29324,0.27726160308710374
207,CIFAR10,prob_label_effnetb0,50000,CLIP+UMAP,20,0.01,25,0.28394,0.28064118947233174
208,CIFAR10,prob_label_effnetb0,50000,CLIP+UMAP,20,0.01,25,0.36502,0.2752857788338029
209,CIFAR10,prob_label_effnetb0,50000,CLIP+UMAP,20,0.01,25,0.2923,0.28636303231182164
210,CIFAR10,prob_label_effnetb0,50000,CLIP+UMAP,20,0.01,50,0.2998,0.27292179895129054
211,CIFAR10,prob_label_effnetb0,50000,CLIP+UMAP,20,0.01,50,0.26898,0.27579217979079085
212,CIFAR10,prob_label_effnetb0,50000,CLIP+UMAP,20,0.01,50,0.4795,0.2732069139322705
213,CIFAR10,prob_label_effnetb0,50000,CLIP+UMAP,20,0.01,50,0.3904,0.2747637838646925
214,CIFAR10,prob_label_effnetb0,50000,CLIP+UMAP,20,0.01,50,0.3962,0.27227476267699313
215,CIFAR10,prob_label_effnetb0,50000,CLIP+UMAP,20,0.01,100,0.4804,0.27620501385634866
216,CIFAR10,prob_label_effnetb0,50000,CLIP+UMAP,20,0.01,100,0.41032,0.2749556472765847
217,CIFAR10,prob_label_effnetb0,50000,CLIP+UMAP,20,0.01,100,0.40552,0.2750021718273691
218,CIFAR10,prob_label_effnetb0,50000,CLIP+UMAP,20,0.01,100,0.3683,0.27476153182948476
219,CIFAR10,prob_label_effnetb0,50000,CLIP+UMAP,20,0.01,100,0.46742,0.27407738544682153
220,CIFAR10,prob_label_effnetb0,50000,CLIP+UMAP,20,0.01,250,0.5419,0.2741462646426283
221,CIFAR10,prob_label_effnetb0,50000,CLIP+UMAP,20,0.01,250,0.62332,0.2720374885196046
222,CIFAR10,prob_label_effnetb0,50000,CLIP+UMAP,20,0.01,250,0.37158,0.2731232934698832
223,CIFAR10,prob_label_effnetb0,50000,CLIP+UMAP,20,0.01,250,0.61318,0.27293044264769617
224,CIFAR10,prob_label_effnetb0,50000,CLIP+UMAP,20,0.01,250,0.57152,0.27263301657639627
225,CIFAR10,prob_label_effnetb0,50000,CLIP+UMAP,20,0.01,500,0.5636,0.2735918055809726
226,CIFAR10,prob_label_effnetb0,50000,CLIP+UMAP,20,0.01,500,0.52462,0.27289670789410414
227,CIFAR10,prob_label_effnetb0,50000,CLIP+UMAP,20,0.01,500,0.42518,0.27365827046654584
228,CIFAR10,prob_label_effnetb0,50000,CLIP+UMAP,20,0.01,500,0.5657,0.272582235334095
229,CIFAR10,prob_label_effnetb0,50000,CLIP+UMAP,20,0.01,500,0.45422,0.27221181963580127
230,CIFAR10,prob_label_effnetb0,50000,CLIP+UMAP,20,0.01,1000,0.6404,0.2718182064645043
231,CIFAR10,prob_label_effnetb0,50000,CLIP+UMAP,20,0.01,1000,0.7846,0.2716941476435841
232,CIFAR10,prob_label_effnetb0,50000,CLIP+UMAP,20,0.01,1000,0.50428,0.27315767156879117
233,CIFAR10,prob_label_effnetb0,50000,CLIP+UMAP,20,0.01,1000,0.66616,0.2728611770318809
234,CIFAR10,prob_label_effnetb0,50000,CLIP+UMAP,20,0.01,1000,0.55226,0.27333315841622763
235,CIFAR10,prob_label_effnetb0,50000,CLIP+UMAP,20,0.01,5000,0.73978,0.272100170478537
236,CIFAR10,prob_label_effnetb0,50000,CLIP+UMAP,20,0.01,5000,0.832,0.2718471594986084
237,CIFAR10,prob_label_effnetb0,50000,CLIP+UMAP,20,0.01,5000,0.78646,0.272622058334619
238,CIFAR10,prob_label_effnetb0,50000,CLIP+UMAP,20,0.01,5000,0.80612,0.27193793003465616
239,CIFAR10,prob_label_effnetb0,50000,CLIP+UMAP,20,0.01,5000,0.79004,0.2722024022927047
240,CIFAR10,prob_label_effnetb0,50000,CLIP+UMAP,20,0.01,10000,0.7518,0.27215834642262593
241,CIFAR10,prob_label_effnetb0,50000,CLIP+UMAP,20,0.01,10000,0.8171,0.2725358793735929
242,CIFAR10,prob_label_effnetb0,50000,CLIP+UMAP,20,0.01,10000,0.73782,0.27214443940703803
243,CIFAR10,prob_label_effnetb0,50000,CLIP+UMAP,20,0.01,10000,0.82832,0.272326690629448
244,CIFAR10,prob_label_effnetb0,50000,CLIP+UMAP,20,0.01,10000,0.82838,0.2721124766686735
245,CIFAR10,prob_label_effnetb0,50000,CLIP+UMAP,20,0.01,100000,0.8121,0.2721424371163795
246,CIFAR10,prob_label_effnetb0,50000,CLIP+UMAP,20,0.01,100000,0.82094,0.2721546179822223
247,CIFAR10,prob_label_effnetb0,50000,CLIP+UMAP,20,0.01,100000,0.82456,0.27209492682527403
248,CIFAR10,prob_label_effnetb0,50000,CLIP+UMAP,20,0.01,100000,0.82834,0.2721652013203212
249,CIFAR10,prob_label_effnetb0,50000,CLIP+UMAP,20,0.01,100000,0.80866,0.27223917638435574
250,CIFAR10,prob_label_effnetb0,50000,CLIP+UMAP,20,0.1,10,0.52656,0.2613947356386405
251,CIFAR10,prob_label_effnetb0,50000,CLIP+UMAP,20,0.1,10,0.52236,0.2750280736848745
252,CIFAR10,prob_label_effnetb0,50000,CLIP+UMAP,20,0.1,10,0.4087,0.2965230884274357
253,CIFAR10,prob_label_effnetb0,50000,CLIP+UMAP,20,0.1,10,0.56274,0.2523835936105089
254,CIFAR10,prob_label_effnetb0,50000,CLIP+UMAP,20,0.1,10,0.56192,0.25824911966980124
255,CIFAR10,prob_label_effnetb0,50000,CLIP+UMAP,20,0.1,25,0.71816,0.20970648196359334
256,CIFAR10,prob_label_effnetb0,50000,CLIP+UMAP,20,0.1,25,0.73708,0.18847175751173825
257,CIFAR10,prob_label_effnetb0,50000,CLIP+UMAP,20,0.1,25,0.76884,0.1922363005816754
258,CIFAR10,prob_label_effnetb0,50000,CLIP+UMAP,20,0.1,25,0.75266,0.19961774019729434
259,CIFAR10,prob_label_effnetb0,50000,CLIP+UMAP,20,0.1,25,0.81344,0.17819807979506752
260,CIFAR10,prob_label_effnetb0,50000,CLIP+UMAP,20,0.1,50,0.80036,0.19221492836448476
261,CIFAR10,prob_label_effnetb0,50000,CLIP+UMAP,20,0.1,50,0.81208,0.1661910072174036
262,CIFAR10,prob_label_effnetb0,50000,CLIP+UMAP,20,0.1,50,0.74804,0.16848269500427818
263,CIFAR10,prob_label_effnetb0,50000,CLIP+UMAP,20,0.1,50,0.75944,0.1786896512394554
264,CIFAR10,prob_label_effnetb0,50000,CLIP+UMAP,20,0.1,50,0.77992,0.16939429034148104
265,CIFAR10,prob_label_effnetb0,50000,CLIP+UMAP,20,0.1,100,0.77176,0.1776754781162742
266,CIFAR10,prob_label_effnetb0,50000,CLIP+UMAP,20,0.1,100,0.85574,0.16583313083200882
267,CIFAR10,prob_label_effnetb0,50000,CLIP+UMAP,20,0.1,100,0.84226,0.17334209153920557
268,CIFAR10,prob_label_effnetb0,50000,CLIP+UMAP,20,0.1,100,0.836,0.16387755398672602
269,CIFAR10,prob_label_effnetb0,50000,CLIP+UMAP,20,0.1,100,0.8859,0.16608043274663423
270,CIFAR10,prob_label_effnetb0,50000,CLIP+UMAP,20,0.1,250,0.88532,0.16678233197177458
271,CIFAR10,prob_label_effnetb0,50000,CLIP+UMAP,20,0.1,250,0.8802,0.1670544828174492
272,CIFAR10,prob_label_effnetb0,50000,CLIP+UMAP,20,0.1,250,0.80578,0.167317764537105
273,CIFAR10,prob_label_effnetb0,50000,CLIP+UMAP,20,0.1,250,0.88018,0.16667706623274434
274,CIFAR10,prob_label_effnetb0,50000,CLIP+UMAP,20,0.1,250,0.87884,0.1703495354230079
275,CIFAR10,prob_label_effnetb0,50000,CLIP+UMAP,20,0.1,500,0.87756,0.16583383342754057
276,CIFAR10,prob_label_effnetb0,50000,CLIP+UMAP,20,0.1,500,0.87912,0.16712112334243145
277,CIFAR10,prob_label_effnetb0,50000,CLIP+UMAP,20,0.1,500,0.86448,0.1672675201795577
278,CIFAR10,prob_label_effnetb0,50000,CLIP+UMAP,20,0.1,500,0.8863,0.1667262934996645
279,CIFAR10,prob_label_effnetb0,50000,CLIP+UMAP,20,0.1,500,0.85108,0.16465425196256206
280,CIFAR10,prob_label_effnetb0,50000,CLIP+UMAP,20,0.1,1000,0.87226,0.1649515036825264
281,CIFAR10,prob_label_effnetb0,50000,CLIP+UMAP,20,0.1,1000,0.8866,0.16697918726896274
282,CIFAR10,prob_label_effnetb0,50000,CLIP+UMAP,20,0.1,1000,0.8894,0.16543416670640054
283,CIFAR10,prob_label_effnetb0,50000,CLIP+UMAP,20,0.1,1000,0.88994,0.1653303046101803
284,CIFAR10,prob_label_effnetb0,50000,CLIP+UMAP,20,0.1,1000,0.89054,0.1636986562304195
285,CIFAR10,prob_label_effnetb0,50000,CLIP+UMAP,20,0.1,5000,0.89108,0.16510732707316483
286,CIFAR10,prob_label_effnetb0,50000,CLIP+UMAP,20,0.1,5000,0.88036,0.16601035815087856
287,CIFAR10,prob_label_effnetb0,50000,CLIP+UMAP,20,0.1,5000,0.8858,0.1653496977064565
288,CIFAR10,prob_label_effnetb0,50000,CLIP+UMAP,20,0.1,5000,0.88994,0.16429336715266368
289,CIFAR10,prob_label_effnetb0,50000,CLIP+UMAP,20,0.1,5000,0.8923,0.1654199150723951
290,CIFAR10,prob_label_effnetb0,50000,CLIP+UMAP,20,0.1,10000,0.8855,0.16463288158363265
291,CIFAR10,prob_label_effnetb0,50000,CLIP+UMAP,20,0.1,10000,0.88918,0.16480397233430305
292,CIFAR10,prob_label_effnetb0,50000,CLIP+UMAP,20,0.1,10000,0.88764,0.16490447437687242
293,CIFAR10,prob_label_effnetb0,50000,CLIP+UMAP,20,0.1,10000,0.88914,0.16451123163038683
294,CIFAR10,prob_label_effnetb0,50000,CLIP+UMAP,20,0.1,10000,0.88906,0.16472698020297322
295,CIFAR10,prob_label_effnetb0,50000,CLIP+UMAP,20,0.1,100000,0.887,0.16492179613572838
296,CIFAR10,prob_label_effnetb0,50000,CLIP+UMAP,20,0.1,100000,0.8879,0.1649093490748073
297,CIFAR10,prob_label_effnetb0,50000,CLIP+UMAP,20,0.1,100000,0.88852,0.1649913783279508
298,CIFAR10,prob_label_effnetb0,50000,CLIP+UMAP,20,0.1,100000,0.88758,0.16492942360831742
299,CIFAR10,prob_label_effnetb0,50000,CLIP+UMAP,20,0.1,100000,0.88904,0.16468873624857414
300,CIFAR10,prob_label_effnetb0,50000,CLIP+UMAP,20,1.0,10,0.63586,0.2410867258515202
301,CIFAR10,prob_label_effnetb0,50000,CLIP+UMAP,20,1.0,10,0.47552,0.30241901436237745
302,CIFAR10,prob_label_effnetb0,50000,CLIP+UMAP,20,1.0,10,0.60822,0.24777576416950273
303,CIFAR10,prob_label_effnetb0,50000,CLIP+UMAP,20,1.0,10,0.63608,0.23837652078922966
304,CIFAR10,prob_label_effnetb0,50000,CLIP+UMAP,20,1.0,10,0.6571,0.21188490295373413
305,CIFAR10,prob_label_effnetb0,50000,CLIP+UMAP,20,1.0,25,0.81002,0.16021754071143773
306,CIFAR10,prob_label_effnetb0,50000,CLIP+UMAP,20,1.0,25,0.80418,0.16149420910066853
307,CIFAR10,prob_label_effnetb0,50000,CLIP+UMAP,20,1.0,25,0.70476,0.1969813588250796
308,CIFAR10,prob_label_effnetb0,50000,CLIP+UMAP,20,1.0,25,0.86236,0.1284075591953758
309,CIFAR10,prob_label_effnetb0,50000,CLIP+UMAP,20,1.0,25,0.87308,0.1410982251580997
310,CIFAR10,prob_label_effnetb0,50000,CLIP+UMAP,20,1.0,50,0.89482,0.11905734493933609
311,CIFAR10,prob_label_effnetb0,50000,CLIP+UMAP,20,1.0,50,0.80226,0.16178834259572897
312,CIFAR10,prob_label_effnetb0,50000,CLIP+UMAP,20,1.0,50,0.86696,0.13189568776948893
313,CIFAR10,prob_label_effnetb0,50000,CLIP+UMAP,20,1.0,50,0.88828,0.11965497667668226
314,CIFAR10,prob_label_effnetb0,50000,CLIP+UMAP,20,1.0,50,0.88656,0.1263431200628414
315,CIFAR10,prob_label_effnetb0,50000,CLIP+UMAP,20,1.0,100,0.89602,0.12379743243215938
316,CIFAR10,prob_label_effnetb0,50000,CLIP+UMAP,20,1.0,100,0.89342,0.11991006366930605
317,CIFAR10,prob_label_effnetb0,50000,CLIP+UMAP,20,1.0,100,0.89218,0.12091221776556911
318,CIFAR10,prob_label_effnetb0,50000,CLIP+UMAP,20,1.0,100,0.89302,0.1266560841378565
319,CIFAR10,prob_label_effnetb0,50000,CLIP+UMAP,20,1.0,100,0.8946,0.12093576763020535
320,CIFAR10,prob_label_effnetb0,50000,CLIP+UMAP,20,1.0,250,0.89216,0.11633527926237139
321,CIFAR10,prob_label_effnetb0,50000,CLIP+UMAP,20,1.0,250,0.89508,0.11576719950794753
322,CIFAR10,prob_label_effnetb0,50000,CLIP+UMAP,20,1.0,250,0.89282,0.11775077601863564
323,CIFAR10,prob_label_effnetb0,50000,CLIP+UMAP,20,1.0,250,0.8963,0.11650103999674984
324,CIFAR10,prob_label_effnetb0,50000,CLIP+UMAP,20,1.0,250,0.89002,0.1217371552050247
325,CIFAR10,prob_label_effnetb0,50000,CLIP+UMAP,20,1.0,500,0.8964,0.11465701841448155
326,CIFAR10,prob_label_effnetb0,50000,CLIP+UMAP,20,1.0,500,0.89512,0.11648540560899687
327,CIFAR10,prob_label_effnetb0,50000,CLIP+UMAP,20,1.0,500,0.89688,0.11674091304097309
328,CIFAR10,prob_label_effnetb0,50000,CLIP+UMAP,20,1.0,500,0.89244,0.11573110717872725
329,CIFAR10,prob_label_effnetb0,50000,CLIP+UMAP,20,1.0,500,0.89076,0.11805512770388008
330,CIFAR10,prob_label_effnetb0,50000,CLIP+UMAP,20,1.0,1000,0.89206,0.11584440893538814
331,CIFAR10,prob_label_effnetb0,50000,CLIP+UMAP,20,1.0,1000,0.89578,0.11468647733982724
332,CIFAR10,prob_label_effnetb0,50000,CLIP+UMAP,20,1.0,1000,0.89596,0.11474944282685848
333,CIFAR10,prob_label_effnetb0,50000,CLIP+UMAP,20,1.0,1000,0.8938,0.11515723450267994
334,CIFAR10,prob_label_effnetb0,50000,CLIP+UMAP,20,1.0,1000,0.89464,0.11553410843061145
335,CIFAR10,prob_label_effnetb0,50000,CLIP+UMAP,20,1.0,5000,0.89496,0.11379286416894711
336,CIFAR10,prob_label_effnetb0,50000,CLIP+UMAP,20,1.0,5000,0.89532,0.11403377745359929
337,CIFAR10,prob_label_effnetb0,50000,CLIP+UMAP,20,1.0,5000,0.89382,0.1139008359483539
338,CIFAR10,prob_label_effnetb0,50000,CLIP+UMAP,20,1.0,5000,0.89544,0.11376647810259084
339,CIFAR10,prob_label_effnetb0,50000,CLIP+UMAP,20,1.0,5000,0.89496,0.11399609823027441
340,CIFAR10,prob_label_effnetb0,50000,CLIP+UMAP,20,1.0,10000,0.89418,0.1141293146203886
341,CIFAR10,prob_label_effnetb0,50000,CLIP+UMAP,20,1.0,10000,0.89422,0.11404446414741498
342,CIFAR10,prob_label_effnetb0,50000,CLIP+UMAP,20,1.0,10000,0.89434,0.11386071244242571
343,CIFAR10,prob_label_effnetb0,50000,CLIP+UMAP,20,1.0,10000,0.89392,0.1140941399255155
344,CIFAR10,prob_label_effnetb0,50000,CLIP+UMAP,20,1.0,10000,0.89486,0.1143675008505676
345,CIFAR10,prob_label_effnetb0,50000,CLIP+UMAP,20,1.0,100000,0.89442,0.11396342931263173
346,CIFAR10,prob_label_effnetb0,50000,CLIP+UMAP,20,1.0,100000,0.8946,0.1139274920034579
347,CIFAR10,prob_label_effnetb0,50000,CLIP+UMAP,20,1.0,100000,0.89418,0.11395519368295141
348,CIFAR10,prob_label_effnetb0,50000,CLIP+UMAP,20,1.0,100000,0.89454,0.11395757049382113
349,CIFAR10,prob_label_effnetb0,50000,CLIP+UMAP,20,1.0,100000,0.8942,0.11396178319694952
350,CIFAR10,prob_label_effnetb0,50000,CLIP+UMAP,20,10.0,10,0.5345,0.2317645436449957
351,CIFAR10,prob_label_effnetb0,50000,CLIP+UMAP,20,10.0,10,0.54082,0.20977190031542517
352,CIFAR10,prob_label_effnetb0,50000,CLIP+UMAP,20,10.0,10,0.55986,0.23315985025777214
353,CIFAR10,prob_label_effnetb0,50000,CLIP+UMAP,20,10.0,10,0.6484,0.1915085704936846
354,CIFAR10,prob_label_effnetb0,50000,CLIP+UMAP,20,10.0,10,0.50952,0.2525619818417019
355,CIFAR10,prob_label_effnetb0,50000,CLIP+UMAP,20,10.0,25,0.7773,0.1613821602150399
356,CIFAR10,prob_label_effnetb0,50000,CLIP+UMAP,20,10.0,25,0.70032,0.2060576055774977
357,CIFAR10,prob_label_effnetb0,50000,CLIP+UMAP,20,10.0,25,0.77506,0.16416217201490918
358,CIFAR10,prob_label_effnetb0,50000,CLIP+UMAP,20,10.0,25,0.77264,0.164348092518025
359,CIFAR10,prob_label_effnetb0,50000,CLIP+UMAP,20,10.0,25,0.79116,0.180801204659761
360,CIFAR10,prob_label_effnetb0,50000,CLIP+UMAP,20,10.0,50,0.876,0.14321234574543504
361,CIFAR10,prob_label_effnetb0,50000,CLIP+UMAP,20,10.0,50,0.84748,0.15205693572352114
362,CIFAR10,prob_label_effnetb0,50000,CLIP+UMAP,20,10.0,50,0.84464,0.16059618020345345
363,CIFAR10,prob_label_effnetb0,50000,CLIP+UMAP,20,10.0,50,0.87214,0.1446994808397354
364,CIFAR10,prob_label_effnetb0,50000,CLIP+UMAP,20,10.0,50,0.84586,0.14994747147904508
365,CIFAR10,prob_label_effnetb0,50000,CLIP+UMAP,20,10.0,100,0.83882,0.15690901963594123
366,CIFAR10,prob_label_effnetb0,50000,CLIP+UMAP,20,10.0,100,0.87166,0.13829885678388212
367,CIFAR10,prob_label_effnetb0,50000,CLIP+UMAP,20,10.0,100,0.82336,0.16489481494927077
368,CIFAR10,prob_label_effnetb0,50000,CLIP+UMAP,20,10.0,100,0.87832,0.13409137783713293
369,CIFAR10,prob_label_effnetb0,50000,CLIP+UMAP,20,10.0,100,0.85674,0.1452552138760369
370,CIFAR10,prob_label_effnetb0,50000,CLIP+UMAP,20,10.0,250,0.85668,0.1413184946714651
371,CIFAR10,prob_label_effnetb0,50000,CLIP+UMAP,20,10.0,250,0.86696,0.1374041365200307
372,CIFAR10,prob_label_effnetb0,50000,CLIP+UMAP,20,10.0,250,0.88394,0.12752454909738128
373,CIFAR10,prob_label_effnetb0,50000,CLIP+UMAP,20,10.0,250,0.84568,0.14337793820233438
374,CIFAR10,prob_label_effnetb0,50000,CLIP+UMAP,20,10.0,250,0.8781,0.1293323060841757
375,CIFAR10,prob_label_effnetb0,50000,CLIP+UMAP,20,10.0,500,0.88906,0.12339857515949784
376,CIFAR10,prob_label_effnetb0,50000,CLIP+UMAP,20,10.0,500,0.8906,0.12521616731427704
377,CIFAR10,prob_label_effnetb0,50000,CLIP+UMAP,20,10.0,500,0.88594,0.1268141088461076
378,CIFAR10,prob_label_effnetb0,50000,CLIP+UMAP,20,10.0,500,0.8905,0.12170622643693332
379,CIFAR10,prob_label_effnetb0,50000,CLIP+UMAP,20,10.0,500,0.88804,0.12378214658574282
380,CIFAR10,prob_label_effnetb0,50000,CLIP+UMAP,20,10.0,1000,0.89562,0.11715215466462987
381,CIFAR10,prob_label_effnetb0,50000,CLIP+UMAP,20,10.0,1000,0.89604,0.11621684812818774
382,CIFAR10,prob_label_effnetb0,50000,CLIP+UMAP,20,10.0,1000,0.8913,0.12080455617579473
383,CIFAR10,prob_label_effnetb0,50000,CLIP+UMAP,20,10.0,1000,0.89412,0.11888029568289574
384,CIFAR10,prob_label_effnetb0,50000,CLIP+UMAP,20,10.0,1000,0.89326,0.11944771083735901
385,CIFAR10,prob_label_effnetb0,50000,CLIP+UMAP,20,10.0,5000,0.90666,0.10772343425589426
386,CIFAR10,prob_label_effnetb0,50000,CLIP+UMAP,20,10.0,5000,0.90734,0.10693897121259817
387,CIFAR10,prob_label_effnetb0,50000,CLIP+UMAP,20,10.0,5000,0.90654,0.10801709584403389
388,CIFAR10,prob_label_effnetb0,50000,CLIP+UMAP,20,10.0,5000,0.90732,0.10782877713979189
389,CIFAR10,prob_label_effnetb0,50000,CLIP+UMAP,20,10.0,5000,0.9078,0.10766603738529593
390,CIFAR10,prob_label_effnetb0,50000,CLIP+UMAP,20,10.0,10000,0.91028,0.10567790044264991
391,CIFAR10,prob_label_effnetb0,50000,CLIP+UMAP,20,10.0,10000,0.90806,0.10612917365098443
392,CIFAR10,prob_label_effnetb0,50000,CLIP+UMAP,20,10.0,10000,0.90814,0.10647283051725716
393,CIFAR10,prob_label_effnetb0,50000,CLIP+UMAP,20,10.0,10000,0.90882,0.10614881847430244
394,CIFAR10,prob_label_effnetb0,50000,CLIP+UMAP,20,10.0,10000,0.90872,0.10603600440124308
395,CIFAR10,prob_label_effnetb0,50000,CLIP+UMAP,20,10.0,100000,0.90956,0.10446124183408498
396,CIFAR10,prob_label_effnetb0,50000,CLIP+UMAP,20,10.0,100000,0.90988,0.10445045016229719
397,CIFAR10,prob_label_effnetb0,50000,CLIP+UMAP,20,10.0,100000,0.90952,0.10444174555693693
398,CIFAR10,prob_label_effnetb0,50000,CLIP+UMAP,20,10.0,100000,0.90954,0.10450636304574897
399,CIFAR10,prob_label_effnetb0,50000,CLIP+UMAP,20,10.0,100000,0.90964,0.10446239608620181
400,CIFAR10,prob_label_effnetb0,50000,CLIP+UMAP,20,100.0,10,0.36218,0.2800591585708882
401,CIFAR10,prob_label_effnetb0,50000,CLIP+UMAP,20,100.0,10,0.30746,0.2845582489253128
402,CIFAR10,prob_label_effnetb0,50000,CLIP+UMAP,20,100.0,10,0.30894,0.2811812333796758
403,CIFAR10,prob_label_effnetb0,50000,CLIP+UMAP,20,100.0,10,0.30686,0.28512711977586075
404,CIFAR10,prob_label_effnetb0,50000,CLIP+UMAP,20,100.0,10,0.22132,0.2899984007440979
405,CIFAR10,prob_label_effnetb0,50000,CLIP+UMAP,20,100.0,25,0.50434,0.2657055740689998
406,CIFAR10,prob_label_effnetb0,50000,CLIP+UMAP,20,100.0,25,0.36972,0.27658461722211036
407,CIFAR10,prob_label_effnetb0,50000,CLIP+UMAP,20,100.0,25,0.53536,0.2605234578700893
408,CIFAR10,prob_label_effnetb0,50000,CLIP+UMAP,20,100.0,25,0.45656,0.2743596462682565
409,CIFAR10,prob_label_effnetb0,50000,CLIP+UMAP,20,100.0,25,0.4637,0.2706882158804106
410,CIFAR10,prob_label_effnetb0,50000,CLIP+UMAP,20,100.0,50,0.629,0.2512705864496536
411,CIFAR10,prob_label_effnetb0,50000,CLIP+UMAP,20,100.0,50,0.70036,0.2489403100928139
412,CIFAR10,prob_label_effnetb0,50000,CLIP+UMAP,20,100.0,50,0.65554,0.2503209528217253
413,CIFAR10,prob_label_effnetb0,50000,CLIP+UMAP,20,100.0,50,0.66228,0.23993554504023634
414,CIFAR10,prob_label_effnetb0,50000,CLIP+UMAP,20,100.0,50,0.6595,0.25270493789241694
415,CIFAR10,prob_label_effnetb0,50000,CLIP+UMAP,20,100.0,100,0.8031,0.21851593574762807
416,CIFAR10,prob_label_effnetb0,50000,CLIP+UMAP,20,100.0,100,0.80658,0.2125715257556664
417,CIFAR10,prob_label_effnetb0,50000,CLIP+UMAP,20,100.0,100,0.7804,0.2138510366245157
418,CIFAR10,prob_label_effnetb0,50000,CLIP+UMAP,20,100.0,100,0.79,0.20833139003666035
419,CIFAR10,prob_label_effnetb0,50000,CLIP+UMAP,20,100.0,100,0.74344,0.22075317198880345
420,CIFAR10,prob_label_effnetb0,50000,CLIP+UMAP,20,100.0,250,0.8318,0.17741652639763883
421,CIFAR10,prob_label_effnetb0,50000,CLIP+UMAP,20,100.0,250,0.85482,0.1717661276737147
422,CIFAR10,prob_label_effnetb0,50000,CLIP+UMAP,20,100.0,250,0.83804,0.17390807832510569
423,CIFAR10,prob_label_effnetb0,50000,CLIP+UMAP,20,100.0,250,0.82486,0.1801547356925059
424,CIFAR10,prob_label_effnetb0,50000,CLIP+UMAP,20,100.0,250,0.82298,0.17877787923033467
425,CIFAR10,prob_label_effnetb0,50000,CLIP+UMAP,20,100.0,500,0.86862,0.15075779769189035
426,CIFAR10,prob_label_effnetb0,50000,CLIP+UMAP,20,100.0,500,0.86436,0.15255629987509722
427,CIFAR10,prob_label_effnetb0,50000,CLIP+UMAP,20,100.0,500,0.85146,0.15478551387922995
428,CIFAR10,prob_label_effnetb0,50000,CLIP+UMAP,20,100.0,500,0.85816,0.15363324932440944
429,CIFAR10,prob_label_effnetb0,50000,CLIP+UMAP,20,100.0,500,0.85988,0.15128261739957682
430,CIFAR10,prob_label_effnetb0,50000,CLIP+UMAP,20,100.0,1000,0.8688,0.14281921165234307
431,CIFAR10,prob_label_effnetb0,50000,CLIP+UMAP,20,100.0,1000,0.87348,0.13920493543956602
432,CIFAR10,prob_label_effnetb0,50000,CLIP+UMAP,20,100.0,1000,0.86114,0.14702236640647773
433,CIFAR10,prob_label_effnetb0,50000,CLIP+UMAP,20,100.0,1000,0.85266,0.15259230593410336
434,CIFAR10,prob_label_effnetb0,50000,CLIP+UMAP,20,100.0,1000,0.86372,0.14655246980373776
435,CIFAR10,prob_label_effnetb0,50000,CLIP+UMAP,20,100.0,5000,0.88642,0.12789505016254638
436,CIFAR10,prob_label_effnetb0,50000,CLIP+UMAP,20,100.0,5000,0.88758,0.12623204334285948
437,CIFAR10,prob_label_effnetb0,50000,CLIP+UMAP,20,100.0,5000,0.88986,0.12606535015462494
438,CIFAR10,prob_label_effnetb0,50000,CLIP+UMAP,20,100.0,5000,0.88848,0.12648409858977397
439,CIFAR10,prob_label_effnetb0,50000,CLIP+UMAP,20,100.0,5000,0.88876,0.12674992532619792
440,CIFAR10,prob_label_effnetb0,50000,CLIP+UMAP,20,100.0,10000,0.90508,0.11580463479625136
441,CIFAR10,prob_label_effnetb0,50000,CLIP+UMAP,20,100.0,10000,0.90124,0.11707938124340689
442,CIFAR10,prob_label_effnetb0,50000,CLIP+UMAP,20,100.0,10000,0.90352,0.11551345159513396
443,CIFAR10,prob_label_effnetb0,50000,CLIP+UMAP,20,100.0,10000,0.90202,0.11633839838453634
444,CIFAR10,prob_label_effnetb0,50000,CLIP+UMAP,20,100.0,10000,0.90584,0.11422154402055004
445,CIFAR10,prob_label_effnetb0,50000,CLIP+UMAP,20,100.0,100000,0.94956,0.07574542966194482
446,CIFAR10,prob_label_effnetb0,50000,CLIP+UMAP,20,100.0,100000,0.9499,0.07542703770118316
447,CIFAR10,prob_label_effnetb0,50000,CLIP+UMAP,20,100.0,100000,0.95096,0.07542321612752707
448,CIFAR10,prob_label_effnetb0,50000,CLIP+UMAP,20,100.0,100000,0.9509,0.07535591091151164
449,CIFAR10,prob_label_effnetb0,50000,CLIP+UMAP,20,100.0,100000,0.9495,0.07599703034685301
450,CIFAR10,prob_label_effnetb0,50000,CLIP+UMAP,20,1000.0,10,0.1142,0.2937853988398378
451,CIFAR10,prob_label_effnetb0,50000,CLIP+UMAP,20,1000.0,10,0.11044,0.29394121584970173
452,CIFAR10,prob_label_effnetb0,50000,CLIP+UMAP,20,1000.0,10,0.10574,0.2940373851729891
453,CIFAR10,prob_label_effnetb0,50000,CLIP+UMAP,20,1000.0,10,0.10624,0.2939400814867196
454,CIFAR10,prob_label_effnetb0,50000,CLIP+UMAP,20,1000.0,10,0.11586,0.2936718474774064
455,CIFAR10,prob_label_effnetb0,50000,CLIP+UMAP,20,1000.0,25,0.12628,0.2933018179927561
456,CIFAR10,prob_label_effnetb0,50000,CLIP+UMAP,20,1000.0,25,0.12742,0.2931250808542001
457,CIFAR10,prob_label_effnetb0,50000,CLIP+UMAP,20,1000.0,25,0.12792,0.29312779971172115
458,CIFAR10,prob_label_effnetb0,50000,CLIP+UMAP,20,1000.0,25,0.13542,0.29303861265063846
459,CIFAR10,prob_label_effnetb0,50000,CLIP+UMAP,20,1000.0,25,0.13278,0.29327347765584433
460,CIFAR10,prob_label_effnetb0,50000,CLIP+UMAP,20,1000.0,50,0.15376,0.2922926806377732
461,CIFAR10,prob_label_effnetb0,50000,CLIP+UMAP,20,1000.0,50,0.15598,0.2921976058567
462,CIFAR10,prob_label_effnetb0,50000,CLIP+UMAP,20,1000.0,50,0.16028,0.2921552176539562
463,CIFAR10,prob_label_effnetb0,50000,CLIP+UMAP,20,1000.0,50,0.16528,0.2915687931531248
464,CIFAR10,prob_label_effnetb0,50000,CLIP+UMAP,20,1000.0,50,0.15546,0.2917123738348072
465,CIFAR10,prob_label_effnetb0,50000,CLIP+UMAP,20,1000.0,100,0.2042,0.28890043908973123
466,CIFAR10,prob_label_effnetb0,50000,CLIP+UMAP,20,1000.0,100,0.2027,0.2909792493543776
467,CIFAR10,prob_label_effnetb0,50000,CLIP+UMAP,20,1000.0,100,0.2095,0.28959624714597354
468,CIFAR10,prob_label_effnetb0,50000,CLIP+UMAP,20,1000.0,100,0.20432,0.29036715150548326
469,CIFAR10,prob_label_effnetb0,50000,CLIP+UMAP,20,1000.0,100,0.22304,0.2883222748155626
470,CIFAR10,prob_label_effnetb0,50000,CLIP+UMAP,20,1000.0,250,0.29408,0.2850664398049898
471,CIFAR10,prob_label_effnetb0,50000,CLIP+UMAP,20,1000.0,250,0.31694,0.282484833308824
472,CIFAR10,prob_label_effnetb0,50000,CLIP+UMAP,20,1000.0,250,0.34454,0.2834788965588904
473,CIFAR10,prob_label_effnetb0,50000,CLIP+UMAP,20,1000.0,250,0.33212,0.28267774597486117
474,CIFAR10,prob_label_effnetb0,50000,CLIP+UMAP,20,1000.0,250,0.32942,0.28433499574558957
475,CIFAR10,prob_label_effnetb0,50000,CLIP+UMAP,20,1000.0,500,0.46312,0.27330028811690205
476,CIFAR10,prob_label_effnetb0,50000,CLIP+UMAP,20,1000.0,500,0.46862,0.2737178334556442
477,CIFAR10,prob_label_effnetb0,50000,CLIP+UMAP,20,1000.0,500,0.47226,0.274281399576361
478,CIFAR10,prob_label_effnetb0,50000,CLIP+UMAP,20,1000.0,500,0.4499,0.27410121385097974
479,CIFAR10,prob_label_effnetb0,50000,CLIP+UMAP,20,1000.0,500,0.46598,0.2716573335643273
480,CIFAR10,prob_label_effnetb0,50000,CLIP+UMAP,20,1000.0,1000,0.62408,0.2574826921065859
481,CIFAR10,prob_label_effnetb0,50000,CLIP+UMAP,20,1000.0,1000,0.63036,0.2579728702976976
482,CIFAR10,prob_label_effnetb0,50000,CLIP+UMAP,20,1000.0,1000,0.63464,0.2572555658500191
483,CIFAR10,prob_label_effnetb0,50000,CLIP+UMAP,20,1000.0,1000,0.61146,0.25748382281627274
484,CIFAR10,prob_label_effnetb0,50000,CLIP+UMAP,20,1000.0,1000,0.61698,0.2563911110989197
485,CIFAR10,prob_label_effnetb0,50000,CLIP+UMAP,20,1000.0,5000,0.84248,0.196012717128486
486,CIFAR10,prob_label_effnetb0,50000,CLIP+UMAP,20,1000.0,5000,0.84122,0.19700574793338163
487,CIFAR10,prob_label_effnetb0,50000,CLIP+UMAP,20,1000.0,5000,0.8406,0.19565448055669127
488,CIFAR10,prob_label_effnetb0,50000,CLIP+UMAP,20,1000.0,5000,0.84152,0.19611379304811768
489,CIFAR10,prob_label_effnetb0,50000,CLIP+UMAP,20,1000.0,5000,0.8438,0.19522996384053187
490,CIFAR10,prob_label_effnetb0,50000,CLIP+UMAP,20,1000.0,10000,0.87574,0.16643705491275662
491,CIFAR10,prob_label_effnetb0,50000,CLIP+UMAP,20,1000.0,10000,0.87432,0.16591513401705513
492,CIFAR10,prob_label_effnetb0,50000,CLIP+UMAP,20,1000.0,10000,0.87394,0.1652535405399973
493,CIFAR10,prob_label_effnetb0,50000,CLIP+UMAP,20,1000.0,10000,0.87522,0.16509652553920115
494,CIFAR10,prob_label_effnetb0,50000,CLIP+UMAP,20,1000.0,10000,0.8783,0.1646935359968154
495,CIFAR10,prob_label_effnetb0,50000,CLIP+UMAP,20,1000.0,100000,0.9684,0.06619470510117782
496,CIFAR10,prob_label_effnetb0,50000,CLIP+UMAP,20,1000.0,100000,0.96652,0.06628403975360062
497,CIFAR10,prob_label_effnetb0,50000,CLIP+UMAP,20,1000.0,100000,0.96962,0.06502695944716644
498,CIFAR10,prob_label_effnetb0,50000,CLIP+UMAP,20,1000.0,100000,0.9684,0.06582130436830307
499,CIFAR10,prob_label_effnetb0,50000,CLIP+UMAP,20,1000.0,100000,0.96778,0.06631837679296618
500,CIFAR10,prob_label_effnetb0,50000,CLIP+UMAP,20,10000.0,10,0.10032,0.29430736864841683
501,CIFAR10,prob_label_effnetb0,50000,CLIP+UMAP,20,10000.0,10,0.10088,0.2942783664961209
502,CIFAR10,prob_label_effnetb0,50000,CLIP+UMAP,20,10000.0,10,0.10048,0.2943045539537979
503,CIFAR10,prob_label_effnetb0,50000,CLIP+UMAP,20,10000.0,10,0.10084,0.29430995763248036
504,CIFAR10,prob_label_effnetb0,50000,CLIP+UMAP,20,10000.0,10,0.10038,0.29431336282181836
505,CIFAR10,prob_label_effnetb0,50000,CLIP+UMAP,20,10000.0,25,0.10176,0.29422931900473825
506,CIFAR10,prob_label_effnetb0,50000,CLIP+UMAP,20,10000.0,25,0.10106,0.2942492131029783
507,CIFAR10,prob_label_effnetb0,50000,CLIP+UMAP,20,10000.0,25,0.10116,0.29423872208100044
508,CIFAR10,prob_label_effnetb0,50000,CLIP+UMAP,20,10000.0,25,0.10272,0.29414477165846614
509,CIFAR10,prob_label_effnetb0,50000,CLIP+UMAP,20,10000.0,25,0.1023,0.2941931093967935
510,CIFAR10,prob_label_effnetb0,50000,CLIP+UMAP,20,10000.0,50,0.1029,0.2941236509503703
511,CIFAR10,prob_label_effnetb0,50000,CLIP+UMAP,20,10000.0,50,0.10308,0.29411678668206387
512,CIFAR10,prob_label_effnetb0,50000,CLIP+UMAP,20,10000.0,50,0.10408,0.2940260754447334
513,CIFAR10,prob_label_effnetb0,50000,CLIP+UMAP,20,10000.0,50,0.10268,0.29403544596311126
514,CIFAR10,prob_label_effnetb0,50000,CLIP+UMAP,20,10000.0,50,0.10276,0.29408230530034174
515,CIFAR10,prob_label_effnetb0,50000,CLIP+UMAP,20,10000.0,100,0.10554,0.29390064042714825
516,CIFAR10,prob_label_effnetb0,50000,CLIP+UMAP,20,10000.0,100,0.10632,0.29389654156235234
517,CIFAR10,prob_label_effnetb0,50000,CLIP+UMAP,20,10000.0,100,0.10546,0.2938467382402878
518,CIFAR10,prob_label_effnetb0,50000,CLIP+UMAP,20,10000.0,100,0.10558,0.29384499256386787
519,CIFAR10,prob_label_effnetb0,50000,CLIP+UMAP,20,10000.0,100,0.10476,0.29398306342728964
520,CIFAR10,prob_label_effnetb0,50000,CLIP+UMAP,20,10000.0,250,0.11392,0.293267324400382
521,CIFAR10,prob_label_effnetb0,50000,CLIP+UMAP,20,10000.0,250,0.113,0.293279911739048
522,CIFAR10,prob_label_effnetb0,50000,CLIP+UMAP,20,10000.0,250,0.11406,0.29319563891470196
523,CIFAR10,prob_label_effnetb0,50000,CLIP+UMAP,20,10000.0,250,0.1156,0.2930898373427274
524,CIFAR10,prob_label_effnetb0,50000,CLIP+UMAP,20,10000.0,250,0.11118,0.2932023152953157
525,CIFAR10,prob_label_effnetb0,50000,CLIP+UMAP,20,10000.0,500,0.12454,0.29218685287903534
526,CIFAR10,prob_label_effnetb0,50000,CLIP+UMAP,20,10000.0,500,0.12562,0.2922057928654628
527,CIFAR10,prob_label_effnetb0,50000,CLIP+UMAP,20,10000.0,500,0.12836,0.2921213640255234
528,CIFAR10,prob_label_effnetb0,50000,CLIP+UMAP,20,10000.0,500,0.1254,0.2920798325955304
529,CIFAR10,prob_label_effnetb0,50000,CLIP+UMAP,20,10000.0,500,0.12614,0.2922650763592741
530,CIFAR10,prob_label_effnetb0,50000,CLIP+UMAP,20,10000.0,1000,0.1544,0.2897682952671946
531,CIFAR10,prob_label_effnetb0,50000,CLIP+UMAP,20,10000.0,1000,0.15,0.2898882155697405
532,CIFAR10,prob_label_effnetb0,50000,CLIP+UMAP,20,10000.0,1000,0.14928,0.2899840626125746
533,CIFAR10,prob_label_effnetb0,50000,CLIP+UMAP,20,10000.0,1000,0.14784,0.2901769595148468
534,CIFAR10,prob_label_effnetb0,50000,CLIP+UMAP,20,10000.0,1000,0.153,0.28968561353266353
535,CIFAR10,prob_label_effnetb0,50000,CLIP+UMAP,20,10000.0,5000,0.28648,0.27479033583633156
536,CIFAR10,prob_label_effnetb0,50000,CLIP+UMAP,20,10000.0,5000,0.2894,0.2747713062852289
537,CIFAR10,prob_label_effnetb0,50000,CLIP+UMAP,20,10000.0,5000,0.28784,0.2745328661632851
538,CIFAR10,prob_label_effnetb0,50000,CLIP+UMAP,20,10000.0,5000,0.29046,0.2743395783162098
539,CIFAR10,prob_label_effnetb0,50000,CLIP+UMAP,20,10000.0,5000,0.2921,0.27453698550588124
540,CIFAR10,prob_label_effnetb0,50000,CLIP+UMAP,20,10000.0,10000,0.4009,0.2584720934866762
541,CIFAR10,prob_label_effnetb0,50000,CLIP+UMAP,20,10000.0,10000,0.40492,0.2577562391614869
542,CIFAR10,prob_label_effnetb0,50000,CLIP+UMAP,20,10000.0,10000,0.40116,0.25778173400239035
543,CIFAR10,prob_label_effnetb0,50000,CLIP+UMAP,20,10000.0,10000,0.401,0.2580709141776692
544,CIFAR10,prob_label_effnetb0,50000,CLIP+UMAP,20,10000.0,10000,0.4028,0.25796493634073286
545,CIFAR10,prob_label_effnetb0,50000,CLIP+UMAP,20,10000.0,100000,0.91334,0.10693772810292049
546,CIFAR10,prob_label_effnetb0,50000,CLIP+UMAP,20,10000.0,100000,0.9142,0.1058378415210954
547,CIFAR10,prob_label_effnetb0,50000,CLIP+UMAP,20,10000.0,100000,0.91436,0.10591706938361475
548,CIFAR10,prob_label_effnetb0,50000,CLIP+UMAP,20,10000.0,100000,0.91402,0.10657037076583524
549,CIFAR10,prob_label_effnetb0,50000,CLIP+UMAP,20,10000.0,100000,0.9141,0.10600748982034014
550,CIFAR10,prob_label_effnetb0,50000,CLIP+UMAP,20,100000.0,10,0.1002,0.2943196690384843
551,CIFAR10,prob_label_effnetb0,50000,CLIP+UMAP,20,100000.0,10,0.10016,0.29432422604943737
552,CIFAR10,prob_label_effnetb0,50000,CLIP+UMAP,20,100000.0,10,0.10014,0.2943262631973348
553,CIFAR10,prob_label_effnetb0,50000,CLIP+UMAP,20,100000.0,10,0.10018,0.29431983099208897
554,CIFAR10,prob_label_effnetb0,50000,CLIP+UMAP,20,100000.0,10,0.10018,0.2943201592901215
555,CIFAR10,prob_label_effnetb0,50000,CLIP+UMAP,20,100000.0,25,0.10046,0.2942790634460963
556,CIFAR10,prob_label_effnetb0,50000,CLIP+UMAP,20,100000.0,25,0.10046,0.294285543934249
557,CIFAR10,prob_label_effnetb0,50000,CLIP+UMAP,20,100000.0,25,0.10066,0.29426268322133936
558,CIFAR10,prob_label_effnetb0,50000,CLIP+UMAP,20,100000.0,25,0.1004,0.2942820051529396
559,CIFAR10,prob_label_effnetb0,50000,CLIP+UMAP,20,100000.0,25,0.10046,0.29428015863561197
560,CIFAR10,prob_label_effnetb0,50000,CLIP+UMAP,20,100000.0,50,0.10116,0.2941838402267241
561,CIFAR10,prob_label_effnetb0,50000,CLIP+UMAP,20,100000.0,50,0.10082,0.2942180747218682
562,CIFAR10,prob_label_effnetb0,50000,CLIP+UMAP,20,100000.0,50,0.10104,0.29421394909818493
563,CIFAR10,prob_label_effnetb0,50000,CLIP+UMAP,20,100000.0,50,0.10084,0.29421138331640007
564,CIFAR10,prob_label_effnetb0,50000,CLIP+UMAP,20,100000.0,50,0.1009,0.2942018886259735
565,CIFAR10,prob_label_effnetb0,50000,CLIP+UMAP,20,100000.0,100,0.1017,0.2940715046614353
566,CIFAR10,prob_label_effnetb0,50000,CLIP+UMAP,20,100000.0,100,0.10232,0.29405016727791816
567,CIFAR10,prob_label_effnetb0,50000,CLIP+UMAP,20,100000.0,100,0.10196,0.2940523028183682
568,CIFAR10,prob_label_effnetb0,50000,CLIP+UMAP,20,100000.0,100,0.10198,0.2940625243929761
569,CIFAR10,prob_label_effnetb0,50000,CLIP+UMAP,20,100000.0,100,0.10182,0.29405876723006913
570,CIFAR10,prob_label_effnetb0,50000,CLIP+UMAP,20,100000.0,250,0.10554,0.2935720649661252
571,CIFAR10,prob_label_effnetb0,50000,CLIP+UMAP,20,100000.0,250,0.1048,0.29363803265343247
572,CIFAR10,prob_label_effnetb0,50000,CLIP+UMAP,20,100000.0,250,0.10494,0.29361640867259253
573,CIFAR10,prob_label_effnetb0,50000,CLIP+UMAP,20,100000.0,250,0.1046,0.2936221688284689
574,CIFAR10,prob_label_effnetb0,50000,CLIP+UMAP,20,100000.0,250,0.10496,0.293630715687179
575,CIFAR10,prob_label_effnetb0,50000,CLIP+UMAP,20,100000.0,500,0.10978,0.2929289758536546
576,CIFAR10,prob_label_effnetb0,50000,CLIP+UMAP,20,100000.0,500,0.1095,0.29288660927224863
577,CIFAR10,prob_label_effnetb0,50000,CLIP+UMAP,20,100000.0,500,0.10928,0.2929586572824755
578,CIFAR10,prob_label_effnetb0,50000,CLIP+UMAP,20,100000.0,500,0.10922,0.2929580934630656
579,CIFAR10,prob_label_effnetb0,50000,CLIP+UMAP,20,100000.0,500,0.10932,0.2929206238039261
580,CIFAR10,prob_label_effnetb0,50000,CLIP+UMAP,20,100000.0,1000,0.1188,0.2915507043771928
581,CIFAR10,prob_label_effnetb0,50000,CLIP+UMAP,20,100000.0,1000,0.11864,0.2915120077894362
582,CIFAR10,prob_label_effnetb0,50000,CLIP+UMAP,20,100000.0,1000,0.11886,0.2915090472848046
583,CIFAR10,prob_label_effnetb0,50000,CLIP+UMAP,20,100000.0,1000,0.11944,0.2914206955435174
584,CIFAR10,prob_label_effnetb0,50000,CLIP+UMAP,20,100000.0,1000,0.11884,0.2914546042167385
585,CIFAR10,prob_label_effnetb0,50000,CLIP+UMAP,20,100000.0,5000,0.1892,0.28026007918786455
586,CIFAR10,prob_label_effnetb0,50000,CLIP+UMAP,20,100000.0,5000,0.19,0.28020169122797917
587,CIFAR10,prob_label_effnetb0,50000,CLIP+UMAP,20,100000.0,5000,0.18784,0.28025865083535384
588,CIFAR10,prob_label_effnetb0,50000,CLIP+UMAP,20,100000.0,5000,0.18774,0.280463077006666
589,CIFAR10,prob_label_effnetb0,50000,CLIP+UMAP,20,100000.0,5000,0.19002,0.2802244574762497
590,CIFAR10,prob_label_effnetb0,50000,CLIP+UMAP,20,100000.0,10000,0.26702,0.2670669664795822
591,CIFAR10,prob_label_effnetb0,50000,CLIP+UMAP,20,100000.0,10000,0.26792,0.2667501238202594
592,CIFAR10,prob_label_effnetb0,50000,CLIP+UMAP,20,100000.0,10000,0.2679,0.26687068720784707
593,CIFAR10,prob_label_effnetb0,50000,CLIP+UMAP,20,100000.0,10000,0.26846,0.2666616879192804
594,CIFAR10,prob_label_effnetb0,50000,CLIP+UMAP,20,100000.0,10000,0.26716,0.2669472316605881
595,CIFAR10,prob_label_effnetb0,50000,CLIP+UMAP,20,100000.0,100000,0.86674,0.11466552145046797
596,CIFAR10,prob_label_effnetb0,50000,CLIP+UMAP,20,100000.0,100000,0.8645,0.11607061091832557
597,CIFAR10,prob_label_effnetb0,50000,CLIP+UMAP,20,100000.0,100000,0.86666,0.11506853523273261
598,CIFAR10,prob_label_effnetb0,50000,CLIP+UMAP,20,100000.0,100000,0.8666,0.11522081555937183
599,CIFAR10,prob_label_effnetb0,50000,CLIP+UMAP,20,100000.0,100000,0.86726,0.11462732924012393
600,CIFAR10,prob_label_effnetb0,50000,CLIP+UMAP,20,1000000.0,10,0.1002,0.29431958098046623
601,CIFAR10,prob_label_effnetb0,50000,CLIP+UMAP,20,1000000.0,10,0.1002,0.2943204171635349
602,CIFAR10,prob_label_effnetb0,50000,CLIP+UMAP,20,1000000.0,10,0.1002,0.294320008440268
603,CIFAR10,prob_label_effnetb0,50000,CLIP+UMAP,20,1000000.0,10,0.10018,0.2943239186979723
604,CIFAR10,prob_label_effnetb0,50000,CLIP+UMAP,20,1000000.0,10,0.10018,0.29431993969863596
605,CIFAR10,prob_label_effnetb0,50000,CLIP+UMAP,20,1000000.0,25,0.10046,0.294286412417054
606,CIFAR10,prob_label_effnetb0,50000,CLIP+UMAP,20,1000000.0,25,0.1004,0.2942816185175216
607,CIFAR10,prob_label_effnetb0,50000,CLIP+UMAP,20,1000000.0,25,0.10048,0.2942776176873222
608,CIFAR10,prob_label_effnetb0,50000,CLIP+UMAP,20,1000000.0,25,0.10042,0.2942744426730086
609,CIFAR10,prob_label_effnetb0,50000,CLIP+UMAP,20,1000000.0,25,0.10044,0.2942862509655435
610,CIFAR10,prob_label_effnetb0,50000,CLIP+UMAP,20,1000000.0,50,0.1008,0.29422095479205346
611,CIFAR10,prob_label_effnetb0,50000,CLIP+UMAP,20,1000000.0,50,0.1009,0.2942064639393198
612,CIFAR10,prob_label_effnetb0,50000,CLIP+UMAP,20,1000000.0,50,0.10088,0.2942010330321543
613,CIFAR10,prob_label_effnetb0,50000,CLIP+UMAP,20,1000000.0,50,0.10088,0.29420684960897936
614,CIFAR10,prob_label_effnetb0,50000,CLIP+UMAP,20,1000000.0,50,0.10084,0.29421276474120917
615,CIFAR10,prob_label_effnetb0,50000,CLIP+UMAP,20,1000000.0,100,0.10178,0.2940632502051451
616,CIFAR10,prob_label_effnetb0,50000,CLIP+UMAP,20,1000000.0,100,0.10172,0.2940702518449075
617,CIFAR10,prob_label_effnetb0,50000,CLIP+UMAP,20,1000000.0,100,0.1018,0.29407162517351504
618,CIFAR10,prob_label_effnetb0,50000,CLIP+UMAP,20,1000000.0,100,0.1017,0.2940732681744425
619,CIFAR10,prob_label_effnetb0,50000,CLIP+UMAP,20,1000000.0,100,0.10172,0.29406662109078596
620,CIFAR10,prob_label_effnetb0,50000,CLIP+UMAP,20,1000000.0,250,0.10458,0.29363869561310163
621,CIFAR10,prob_label_effnetb0,50000,CLIP+UMAP,20,1000000.0,250,0.10432,0.2936412925584659
622,CIFAR10,prob_label_effnetb0,50000,CLIP+UMAP,20,1000000.0,250,0.10442,0.29364059992302605
623,CIFAR10,prob_label_effnetb0,50000,CLIP+UMAP,20,1000000.0,250,0.10446,0.2936274242316471
624,CIFAR10,prob_label_effnetb0,50000,CLIP+UMAP,20,1000000.0,250,0.10444,0.29363525021608655
625,CIFAR10,prob_label_effnetb0,50000,CLIP+UMAP,20,1000000.0,500,0.10888,0.2929257860552542
626,CIFAR10,prob_label_effnetb0,50000,CLIP+UMAP,20,1000000.0,500,0.10878,0.292914765176669
627,CIFAR10,prob_label_effnetb0,50000,CLIP+UMAP,20,1000000.0,500,0.10884,0.2929355524844234
628,CIFAR10,prob_label_effnetb0,50000,CLIP+UMAP,20,1000000.0,500,0.10878,0.2929306791788663
629,CIFAR10,prob_label_effnetb0,50000,CLIP+UMAP,20,1000000.0,500,0.10878,0.29293576506648733
630,CIFAR10,prob_label_effnetb0,50000,CLIP+UMAP,20,1000000.0,1000,0.11722,0.29152584750618615
631,CIFAR10,prob_label_effnetb0,50000,CLIP+UMAP,20,1000000.0,1000,0.1174,0.2914975613767623
632,CIFAR10,prob_label_effnetb0,50000,CLIP+UMAP,20,1000000.0,1000,0.1172,0.29152313060942564
633,CIFAR10,prob_label_effnetb0,50000,CLIP+UMAP,20,1000000.0,1000,0.11732,0.2915499564666221
634,CIFAR10,prob_label_effnetb0,50000,CLIP+UMAP,20,1000000.0,1000,0.1171,0.2915329990769764
635,CIFAR10,prob_label_effnetb0,50000,CLIP+UMAP,20,1000000.0,5000,0.18328,0.2805229699274277
636,CIFAR10,prob_label_effnetb0,50000,CLIP+UMAP,20,1000000.0,5000,0.18334,0.28053061234986715
637,CIFAR10,prob_label_effnetb0,50000,CLIP+UMAP,20,1000000.0,5000,0.18394,0.28052366760027325
638,CIFAR10,prob_label_effnetb0,50000,CLIP+UMAP,20,1000000.0,5000,0.18356,0.28049302607892324
639,CIFAR10,prob_label_effnetb0,50000,CLIP+UMAP,20,1000000.0,5000,0.18394,0.2806089703034603
640,CIFAR10,prob_label_effnetb0,50000,CLIP+UMAP,20,1000000.0,10000,0.25966,0.2673612169895184
641,CIFAR10,prob_label_effnetb0,50000,CLIP+UMAP,20,1000000.0,10000,0.25914,0.2673616767176476
642,CIFAR10,prob_label_effnetb0,50000,CLIP+UMAP,20,1000000.0,10000,0.26012,0.2673113968360384
643,CIFAR10,prob_label_effnetb0,50000,CLIP+UMAP,20,1000000.0,10000,0.25938,0.2673854494042348
644,CIFAR10,prob_label_effnetb0,50000,CLIP+UMAP,20,1000000.0,10000,0.25896,0.2673434865073633
645,CIFAR10,prob_label_effnetb0,50000,CLIP+UMAP,20,1000000.0,100000,0.86152,0.1158308979218424
646,CIFAR10,prob_label_effnetb0,50000,CLIP+UMAP,20,1000000.0,100000,0.86212,0.11568111943862672
647,CIFAR10,prob_label_effnetb0,50000,CLIP+UMAP,20,1000000.0,100000,0.86512,0.11473407979365755
648,CIFAR10,prob_label_effnetb0,50000,CLIP+UMAP,20,1000000.0,100000,0.86158,0.11578083173126444
649,CIFAR10,prob_label_effnetb0,50000,CLIP+UMAP,20,1000000.0,100000,0.8625,0.11572630084370535
