,dataset,prob_labels,n_data,dim_reduction_technique,dimension,gamma,n_samples,Accuracy,RMSE,KL,MAE,TV,sparse
0,CIFAR10-H,prob_label,10000,CLIP+UMAP,20,1e-06,10,0.2823,0.2972630252133729,9.612666769441343,0.17513174793579253,0.8547326313970461,False
1,CIFAR10-H,prob_label,10000,CLIP+UMAP,20,1e-06,10,0.0999,0.30031979754282584,9.680172577921478,0.17549235077558595,0.8545968454526581,False
2,CIFAR10-H,prob_label,10000,CLIP+UMAP,20,1e-06,10,0.1015,0.2997815541538772,9.47675188454676,0.1744608119232577,0.8543833262572762,False
3,CIFAR10-H,prob_label,10000,CLIP+UMAP,20,1e-06,10,0.3769,0.3002862589202685,11.76207781952707,0.17524212638720554,0.8544326528903654,False
4,CIFAR10-H,prob_label,10000,CLIP+UMAP,20,1e-06,10,0.2804,0.2975194272590744,9.540591280007554,0.17482910801708798,0.8549883677038681,False
5,CIFAR10-H,prob_label,10000,CLIP+UMAP,20,1e-06,25,0.0999,0.29014601719764577,4.793776665754849,0.17402357235254323,0.8545165445310852,False
6,CIFAR10-H,prob_label,10000,CLIP+UMAP,20,1e-06,25,0.1975,0.29642901056970805,7.2002545385244945,0.17421209651839248,0.854409297343217,False
7,CIFAR10-H,prob_label,10000,CLIP+UMAP,20,1e-06,25,0.0999,0.2953127947329488,2.3963925077553103,0.17396349175319661,0.8544063736932892,False
8,CIFAR10-H,prob_label,10000,CLIP+UMAP,20,1e-06,25,0.1003,0.2953242422241401,7.412598346252975,0.17477254123605088,0.8547603075960278,False
9,CIFAR10-H,prob_label,10000,CLIP+UMAP,20,1e-06,25,0.191,0.290225116657073,2.2548507799244066,0.17352968203783772,0.8545642919840789,False
10,CIFAR10-H,prob_label,10000,CLIP+UMAP,20,1e-06,50,0.0999,0.29246074929013266,4.832378762870436,0.17359792627664716,0.8546939298695883,False
11,CIFAR10-H,prob_label,10000,CLIP+UMAP,20,1e-06,50,0.1005,0.28813682155939724,2.177580821677776,0.17320086802965132,0.8543814095631971,False
12,CIFAR10-H,prob_label,10000,CLIP+UMAP,20,1e-06,50,0.1004,0.2896127491945525,2.2251756718769915,0.17296346893446737,0.8544059839677646,False
13,CIFAR10-H,prob_label,10000,CLIP+UMAP,20,1e-06,50,0.1015,0.2919836409847337,2.3188094985813703,0.17309958255885288,0.8543613536802143,False
14,CIFAR10-H,prob_label,10000,CLIP+UMAP,20,1e-06,50,0.1954,0.28983044231190275,4.779115777380907,0.17328240563735264,0.8545060212032588,False
15,CIFAR10-H,prob_label,10000,CLIP+UMAP,20,1e-06,100,0.2,0.2876243760578038,2.1625338048941063,0.17302338705797687,0.8543909702325353,False
16,CIFAR10-H,prob_label,10000,CLIP+UMAP,20,1e-06,100,0.1005,0.28847083400186496,2.1896388553125763,0.17296962582813352,0.8544158902245265,False
17,CIFAR10-H,prob_label,10000,CLIP+UMAP,20,1e-06,100,0.1005,0.2879743875320639,2.1738718697612307,0.1731672687049352,0.854470291045249,False
18,CIFAR10-H,prob_label,10000,CLIP+UMAP,20,1e-06,100,0.1001,0.28807411322888377,2.172375356063656,0.17301081583304267,0.8543487772770146,False
19,CIFAR10-H,prob_label,10000,CLIP+UMAP,20,1e-06,100,0.1003,0.2893596932144893,2.242255330226147,0.17312705268791828,0.8543583484055045,False
20,CIFAR10-H,prob_label,10000,CLIP+UMAP,20,1e-06,250,0.0999,0.28767477629941995,2.1621869967884697,0.17297864924318412,0.8544197375930093,False
21,CIFAR10-H,prob_label,10000,CLIP+UMAP,20,1e-06,250,0.1968,0.2879470574987741,2.1719630014873075,0.17288079660631725,0.8544001692196702,False
22,CIFAR10-H,prob_label,10000,CLIP+UMAP,20,1e-06,250,0.0995,0.2876582742657524,2.1629239932679623,0.17306571409480997,0.8544633031888758,False
23,CIFAR10-H,prob_label,10000,CLIP+UMAP,20,1e-06,250,0.0999,0.28795618839473675,2.16891887560738,0.17305585204951285,0.8544540377660446,False
24,CIFAR10-H,prob_label,10000,CLIP+UMAP,20,1e-06,250,0.1001,0.28759741776450026,2.1606047940682087,0.17305563866267754,0.8543945470074447,False
25,CIFAR10-H,prob_label,10000,CLIP+UMAP,20,1e-06,500,0.0999,0.2877427241136451,2.1654828580808814,0.1730627200324679,0.8544650987901196,False
26,CIFAR10-H,prob_label,10000,CLIP+UMAP,20,1e-06,500,0.0995,0.28800807617186913,2.168478378363167,0.1729687776949717,0.8544936928002742,False
27,CIFAR10-H,prob_label,10000,CLIP+UMAP,20,1e-06,500,0.0999,0.2874228419844526,2.1562031566285556,0.17301090404285552,0.854451372163745,False
28,CIFAR10-H,prob_label,10000,CLIP+UMAP,20,1e-06,500,0.1001,0.2873454414600277,2.1529751764420855,0.17295821888413287,0.8544311734882544,False
29,CIFAR10-H,prob_label,10000,CLIP+UMAP,20,1e-06,500,0.0998,0.2872799384531371,2.1509713736501492,0.17299812426625005,0.8544072224098042,False
30,CIFAR10-H,prob_label,10000,CLIP+UMAP,20,1e-06,1000,0.0998,0.2873286130554087,2.152775607730993,0.17296721485986433,0.8544508415765675,False
31,CIFAR10-H,prob_label,10000,CLIP+UMAP,20,1e-06,1000,0.0995,0.28722949858777325,2.149748516870187,0.17293327338660294,0.854434608452204,False
32,CIFAR10-H,prob_label,10000,CLIP+UMAP,20,1e-06,1000,0.1015,0.28729131636321475,2.1514596374445865,0.17293584478219562,0.8543779370312273,False
33,CIFAR10-H,prob_label,10000,CLIP+UMAP,20,1e-06,1000,0.1015,0.2872243460493952,2.1497022190339283,0.17300986703727478,0.8544066251462534,False
34,CIFAR10-H,prob_label,10000,CLIP+UMAP,20,1e-06,1000,0.1005,0.28726266724722976,2.1506704474022253,0.17299426517763308,0.8543915273369345,False
35,CIFAR10-H,prob_label,10000,CLIP+UMAP,20,1e-06,5000,0.1004,0.28719545114433903,2.1488276841717577,0.17295813135817412,0.8544181214422879,False
36,CIFAR10-H,prob_label,10000,CLIP+UMAP,20,1e-06,5000,0.1004,0.2871927115194127,2.1486787200922497,0.17294128624919688,0.8544131001337563,False
37,CIFAR10-H,prob_label,10000,CLIP+UMAP,20,1e-06,5000,0.1004,0.2871948521123767,2.1487938448973503,0.17294123145521545,0.854413738518519,False
38,CIFAR10-H,prob_label,10000,CLIP+UMAP,20,1e-06,5000,0.1004,0.2871776038278776,2.148301571390762,0.1729588534678524,0.8544203042197054,False
39,CIFAR10-H,prob_label,10000,CLIP+UMAP,20,1e-06,5000,0.1005,0.2871897758764875,2.1486325220648483,0.17296403040866798,0.8544168828420668,False
40,CIFAR10-H,prob_label,10000,CLIP+UMAP,20,1e-06,10000,0.1015,0.2871623703551022,2.1478698810799646,0.17296466252287127,0.8544166017828038,False
41,CIFAR10-H,prob_label,10000,CLIP+UMAP,20,1e-06,10000,0.1015,0.2871742545994481,2.1482137436929234,0.17296907116828222,0.8544128227879035,False
42,CIFAR10-H,prob_label,10000,CLIP+UMAP,20,1e-06,10000,0.1015,0.28718440323709526,2.1485184294467046,0.1729377605603692,0.8544135613567121,False
43,CIFAR10-H,prob_label,10000,CLIP+UMAP,20,1e-06,10000,0.1015,0.2871648209593443,2.147935701475748,0.17297188143255987,0.8544085339512101,False
44,CIFAR10-H,prob_label,10000,CLIP+UMAP,20,1e-06,10000,0.1015,0.28717044861786223,2.1481009563817706,0.17296685660556094,0.8544206909857752,False
45,CIFAR10-H,prob_label,10000,CLIP+UMAP,20,1e-06,100000,0.1004,0.28715642118705925,2.1476970392888086,0.17296060193212495,0.8544145580710576,False
46,CIFAR10-H,prob_label,10000,CLIP+UMAP,20,1e-06,100000,0.1015,0.2871576523718455,2.147731843521895,0.17297116088375647,0.8544142198945643,False
47,CIFAR10-H,prob_label,10000,CLIP+UMAP,20,1e-06,100000,0.1015,0.28715742450474463,2.147725764182127,0.17297107137700501,0.8544165146529235,False
48,CIFAR10-H,prob_label,10000,CLIP+UMAP,20,1e-06,100000,0.1015,0.28715760169832893,2.1477302992486056,0.1729706451948693,0.8544111698944055,False
49,CIFAR10-H,prob_label,10000,CLIP+UMAP,20,1e-06,100000,0.1004,0.28715779369608907,2.147736926472401,0.1729653592960298,0.8544108309294428,False
50,CIFAR10-H,prob_label,10000,CLIP+UMAP,20,1e-05,10,0.1001,0.3039695950242917,12.195394322980961,0.17621047640806262,0.8552074412687003,False
51,CIFAR10-H,prob_label,10000,CLIP+UMAP,20,1e-05,10,0.0999,0.31737035202835806,14.369325071876656,0.1761725978231772,0.8551689120068519,False
52,CIFAR10-H,prob_label,10000,CLIP+UMAP,20,1e-05,10,0.0981,0.30413011526736705,12.11604115208867,0.17629235899927329,0.8549460751698574,False
53,CIFAR10-H,prob_label,10000,CLIP+UMAP,20,1e-05,10,0.2913,0.2972101474646568,9.651108871734285,0.1747936573966988,0.8546352248898847,False
54,CIFAR10-H,prob_label,10000,CLIP+UMAP,20,1e-05,10,0.1963,0.2940523008738,7.192869248688363,0.17393794757163067,0.8547146919861076,False
55,CIFAR10-H,prob_label,10000,CLIP+UMAP,20,1e-05,25,0.129,0.2899209768905565,2.2450758558420922,0.1731412037439329,0.854318055453218,False
56,CIFAR10-H,prob_label,10000,CLIP+UMAP,20,1e-05,25,0.1003,0.29323761468664794,2.317880462957421,0.17318847374124807,0.8543656900939737,False
57,CIFAR10-H,prob_label,10000,CLIP+UMAP,20,1e-05,25,0.2682,0.29104907698164706,2.2878061398469893,0.17291833577071924,0.8544908581976263,False
58,CIFAR10-H,prob_label,10000,CLIP+UMAP,20,1e-05,25,0.0998,0.3043446142277025,12.312416203329054,0.17520655209331548,0.8542732164259004,False
59,CIFAR10-H,prob_label,10000,CLIP+UMAP,20,1e-05,25,0.0999,0.29214518312056476,4.728633513743931,0.1740992701377102,0.854422512580177,False
60,CIFAR10-H,prob_label,10000,CLIP+UMAP,20,1e-05,50,0.0998,0.28938677975873855,2.202391316884988,0.1731565376862911,0.8543222948438175,False
61,CIFAR10-H,prob_label,10000,CLIP+UMAP,20,1e-05,50,0.1015,0.2896342391814041,2.2077830500677456,0.17299760845600945,0.8542222209626309,False
62,CIFAR10-H,prob_label,10000,CLIP+UMAP,20,1e-05,50,0.1983,0.2898223188138534,2.241696011425169,0.17319718601279882,0.8542850913007165,False
63,CIFAR10-H,prob_label,10000,CLIP+UMAP,20,1e-05,50,0.1015,0.2890499641530393,2.2148249551762773,0.17304455395577462,0.8543433101808391,False
64,CIFAR10-H,prob_label,10000,CLIP+UMAP,20,1e-05,50,0.1004,0.29423046038651285,2.3554818161325843,0.17320036030488456,0.8545831758862467,False
65,CIFAR10-H,prob_label,10000,CLIP+UMAP,20,1e-05,100,0.1001,0.28829089891712967,2.1826830612568586,0.17307281423030388,0.8543519079827016,False
66,CIFAR10-H,prob_label,10000,CLIP+UMAP,20,1e-05,100,0.0995,0.2888388567827801,2.196334574488158,0.17283416760151507,0.8544084114522522,False
67,CIFAR10-H,prob_label,10000,CLIP+UMAP,20,1e-05,100,0.1003,0.28840265070360266,2.195815346799193,0.17329690762848254,0.8543369560481082,False
68,CIFAR10-H,prob_label,10000,CLIP+UMAP,20,1e-05,100,0.1001,0.2885848909697387,2.1957883696312397,0.1730704272448258,0.8543697855736109,False
69,CIFAR10-H,prob_label,10000,CLIP+UMAP,20,1e-05,100,0.0998,0.29026291553703776,2.242565432865186,0.17290421791984953,0.8542935503468885,False
70,CIFAR10-H,prob_label,10000,CLIP+UMAP,20,1e-05,250,0.1004,0.28799608639205626,2.1711306700223294,0.1729167150164977,0.8544238816829711,False
71,CIFAR10-H,prob_label,10000,CLIP+UMAP,20,1e-05,250,0.1005,0.2876415536408107,2.1618728912037497,0.1729434331476309,0.8543067124776155,False
72,CIFAR10-H,prob_label,10000,CLIP+UMAP,20,1e-05,250,0.0999,0.2877746001000422,2.164990876497817,0.17313042859852462,0.8542909359295973,False
73,CIFAR10-H,prob_label,10000,CLIP+UMAP,20,1e-05,250,0.0999,0.2877512997998959,2.1685151816539054,0.17301846857696593,0.8543900052751562,False
74,CIFAR10-H,prob_label,10000,CLIP+UMAP,20,1e-05,250,0.1004,0.2874198845712116,2.1556715813730176,0.17292171327132036,0.8543690606683827,False
75,CIFAR10-H,prob_label,10000,CLIP+UMAP,20,1e-05,500,0.0999,0.2874557467854265,2.1563305173430782,0.17309628671614413,0.8543607643684947,False
76,CIFAR10-H,prob_label,10000,CLIP+UMAP,20,1e-05,500,0.0998,0.28737185564617496,2.15434756288629,0.17300037937234236,0.854357111509069,False
77,CIFAR10-H,prob_label,10000,CLIP+UMAP,20,1e-05,500,0.0999,0.2873775273617042,2.153989872393357,0.17297456561410646,0.8543245414179863,False
78,CIFAR10-H,prob_label,10000,CLIP+UMAP,20,1e-05,500,0.0995,0.2875287320230458,2.158088007431112,0.172904851942693,0.8544011499162971,False
79,CIFAR10-H,prob_label,10000,CLIP+UMAP,20,1e-05,500,0.1015,0.2877232515714584,2.1650171433081034,0.17300861811923632,0.8542634042549391,False
80,CIFAR10-H,prob_label,10000,CLIP+UMAP,20,1e-05,1000,0.1004,0.2873548377384042,2.1534136625546303,0.17287548782097356,0.8543489691989368,False
81,CIFAR10-H,prob_label,10000,CLIP+UMAP,20,1e-05,1000,0.1003,0.28728406455383076,2.151434342442249,0.1729827391262658,0.8543740971719231,False
82,CIFAR10-H,prob_label,10000,CLIP+UMAP,20,1e-05,1000,0.1004,0.2872046208425891,2.1490363249654094,0.17290251241441054,0.8543393683883956,False
83,CIFAR10-H,prob_label,10000,CLIP+UMAP,20,1e-05,1000,0.1015,0.2872088227183756,2.149091271511286,0.17293362479570465,0.8543077640895109,False
84,CIFAR10-H,prob_label,10000,CLIP+UMAP,20,1e-05,1000,0.1015,0.2871600494937598,2.14782611455763,0.172935295893351,0.8543360873016189,False
85,CIFAR10-H,prob_label,10000,CLIP+UMAP,20,1e-05,5000,0.0999,0.28715755480079813,2.147713454956747,0.1729493888804525,0.8543414167128818,False
86,CIFAR10-H,prob_label,10000,CLIP+UMAP,20,1e-05,5000,0.1001,0.2871625547270321,2.147862588849269,0.17296385624676078,0.8543635880256608,False
87,CIFAR10-H,prob_label,10000,CLIP+UMAP,20,1e-05,5000,0.1988,0.2871665021849599,2.1479989693426185,0.17295421547687034,0.8543657618395691,False
88,CIFAR10-H,prob_label,10000,CLIP+UMAP,20,1e-05,5000,0.0999,0.28715561535878453,2.1476611379181914,0.17294860769954218,0.8543564532345547,False
89,CIFAR10-H,prob_label,10000,CLIP+UMAP,20,1e-05,5000,0.0995,0.28717560644841433,2.1482812660967503,0.1729392061064653,0.8543599449004687,False
90,CIFAR10-H,prob_label,10000,CLIP+UMAP,20,1e-05,10000,0.1004,0.28713725957258174,2.147145346475372,0.17294783998990593,0.8543452419925383,False
91,CIFAR10-H,prob_label,10000,CLIP+UMAP,20,1e-05,10000,0.1015,0.28715758347442144,2.147710105532598,0.17295393342777943,0.8543625129492557,False
92,CIFAR10-H,prob_label,10000,CLIP+UMAP,20,1e-05,10000,0.1001,0.287141177543215,2.147255402017581,0.1729576775212866,0.854355262141503,False
93,CIFAR10-H,prob_label,10000,CLIP+UMAP,20,1e-05,10000,0.1004,0.28713946971447774,2.14721137312407,0.1729400556243777,0.8543428032127078,False
94,CIFAR10-H,prob_label,10000,CLIP+UMAP,20,1e-05,10000,0.1015,0.2871442783023607,2.147358596246019,0.1729639257545516,0.8543418467359781,False
95,CIFAR10-H,prob_label,10000,CLIP+UMAP,20,1e-05,100000,0.1004,0.2871344978458382,2.1470676935227444,0.17295110545810813,0.8543479272895363,False
96,CIFAR10-H,prob_label,10000,CLIP+UMAP,20,1e-05,100000,0.1015,0.2871346805519158,2.1470696697413483,0.1729467208808771,0.8543506990641827,False
97,CIFAR10-H,prob_label,10000,CLIP+UMAP,20,1e-05,100000,0.1015,0.28713505348072454,2.1470802185604914,0.1729492556159701,0.8543480223914205,False
98,CIFAR10-H,prob_label,10000,CLIP+UMAP,20,1e-05,100000,0.1004,0.28713433067949434,2.1470615487110614,0.1729520120722368,0.8543506425821695,False
99,CIFAR10-H,prob_label,10000,CLIP+UMAP,20,1e-05,100000,0.1015,0.28713540419497896,2.147097138557701,0.17295162462662791,0.8543466901420214,False
100,CIFAR10-H,prob_label,10000,CLIP+UMAP,20,0.0001,10,0.0999,0.3000047002747735,9.664817994143345,0.174906690116215,0.8540028496108769,False
101,CIFAR10-H,prob_label,10000,CLIP+UMAP,20,0.0001,10,0.2919,0.29707834916618464,9.481719300039584,0.17480226620346426,0.8537233047962852,False
102,CIFAR10-H,prob_label,10000,CLIP+UMAP,20,0.0001,10,0.1976,0.2935219971854286,7.048594401278594,0.17432883274841576,0.8536720374027733,False
103,CIFAR10-H,prob_label,10000,CLIP+UMAP,20,0.0001,10,0.0981,0.30397508190490546,12.107445300946164,0.17526069240836645,0.8550347794835917,False
104,CIFAR10-H,prob_label,10000,CLIP+UMAP,20,0.0001,10,0.1005,0.2999779249946641,9.499930319012368,0.17485449742023015,0.8538674300964725,False
105,CIFAR10-H,prob_label,10000,CLIP+UMAP,20,0.0001,25,0.0998,0.2921660386880636,4.740213152132644,0.17376348819014037,0.8534290013819226,False
106,CIFAR10-H,prob_label,10000,CLIP+UMAP,20,0.0001,25,0.1969,0.29253887421466596,2.3089093677900157,0.17336682096368464,0.8539099383443216,False
107,CIFAR10-H,prob_label,10000,CLIP+UMAP,20,0.0001,25,0.0999,0.29519000497166115,4.915848644519761,0.17425922893404813,0.8539606707516414,False
108,CIFAR10-H,prob_label,10000,CLIP+UMAP,20,0.0001,25,0.2831,0.2917099136859097,4.77795249167125,0.17303078192273647,0.8535356150991568,False
109,CIFAR10-H,prob_label,10000,CLIP+UMAP,20,0.0001,25,0.1003,0.2953269271991704,7.259547931441539,0.17431364051106685,0.8539226696859851,False
110,CIFAR10-H,prob_label,10000,CLIP+UMAP,20,0.0001,50,0.0995,0.289083945939451,2.200853172463865,0.17293269799929387,0.8540171951467453,False
111,CIFAR10-H,prob_label,10000,CLIP+UMAP,20,0.0001,50,0.1003,0.2915336050617356,4.909808692722835,0.1740309035532855,0.8537214341268352,False
112,CIFAR10-H,prob_label,10000,CLIP+UMAP,20,0.0001,50,0.1974,0.28870206427090317,2.2064244918590856,0.17283355995597277,0.8537043476487325,False
113,CIFAR10-H,prob_label,10000,CLIP+UMAP,20,0.0001,50,0.1001,0.2908922693451628,2.298675610841232,0.1732669444633582,0.8539981410232842,False
114,CIFAR10-H,prob_label,10000,CLIP+UMAP,20,0.0001,50,0.0995,0.28821465994077144,2.182405715034891,0.17287343163340757,0.8537546021705417,False
115,CIFAR10-H,prob_label,10000,CLIP+UMAP,20,0.0001,100,0.1003,0.29021653664184255,2.239064826021711,0.17291646341733163,0.8536623422816568,False
116,CIFAR10-H,prob_label,10000,CLIP+UMAP,20,0.0001,100,0.0999,0.2884661358117065,2.1871700348156518,0.17275676426767433,0.8537893185396086,False
117,CIFAR10-H,prob_label,10000,CLIP+UMAP,20,0.0001,100,0.1941,0.28798873584290036,2.176755851386641,0.1730991606059183,0.853741727958268,False
118,CIFAR10-H,prob_label,10000,CLIP+UMAP,20,0.0001,100,0.0995,0.2887587796792347,2.1970977548121344,0.17294789637641134,0.8537572409436416,False
119,CIFAR10-H,prob_label,10000,CLIP+UMAP,20,0.0001,100,0.0998,0.28890364041076577,2.192643569661548,0.17301314132654752,0.8535942161989322,False
120,CIFAR10-H,prob_label,10000,CLIP+UMAP,20,0.0001,250,0.0999,0.28773694813276063,2.1703987607528292,0.17286398744325987,0.8536262185054758,False
121,CIFAR10-H,prob_label,10000,CLIP+UMAP,20,0.0001,250,0.0998,0.28756188740177613,2.160260795164924,0.17297472124918567,0.8536835037331381,False
122,CIFAR10-H,prob_label,10000,CLIP+UMAP,20,0.0001,250,0.1005,0.28724081876621715,2.149710623171449,0.17279782692287432,0.8536940894935969,False
123,CIFAR10-H,prob_label,10000,CLIP+UMAP,20,0.0001,250,0.1974,0.2873698191205423,2.154003322497238,0.17278597615202662,0.8536941908447505,False
124,CIFAR10-H,prob_label,10000,CLIP+UMAP,20,0.0001,250,0.1961,0.2874093280012306,2.1564117144388217,0.1728948902678185,0.8536361541398859,False
125,CIFAR10-H,prob_label,10000,CLIP+UMAP,20,0.0001,500,0.1887,0.28706953003479835,2.145285111611808,0.17285895290870495,0.8536935501045345,False
126,CIFAR10-H,prob_label,10000,CLIP+UMAP,20,0.0001,500,0.1005,0.28723693183420224,2.1499913765454144,0.17285989959532122,0.8537085971753664,False
127,CIFAR10-H,prob_label,10000,CLIP+UMAP,20,0.0001,500,0.0999,0.2870642826746767,2.144764351363415,0.17284147339892772,0.853714438653064,False
128,CIFAR10-H,prob_label,10000,CLIP+UMAP,20,0.0001,500,0.0995,0.28744983922069606,2.156805122163049,0.17282710973728482,0.8537631818867416,False
129,CIFAR10-H,prob_label,10000,CLIP+UMAP,20,0.0001,500,0.1015,0.28734015746997926,2.1528765154725655,0.1728918879411922,0.8536251473905618,False
130,CIFAR10-H,prob_label,10000,CLIP+UMAP,20,0.0001,1000,0.2745,0.28705081771866137,2.1447539552208656,0.17279583906711643,0.8537173275353922,False
131,CIFAR10-H,prob_label,10000,CLIP+UMAP,20,0.0001,1000,0.0999,0.28700439450919635,2.143668606173701,0.17279772191096437,0.8536500125716564,False
132,CIFAR10-H,prob_label,10000,CLIP+UMAP,20,0.0001,1000,0.1003,0.28703856227170643,2.1444220033627297,0.17282709947709704,0.8536905294544366,False
133,CIFAR10-H,prob_label,10000,CLIP+UMAP,20,0.0001,1000,0.0999,0.28698585965164336,2.1427628981646243,0.1728406904831475,0.8537057332840524,False
134,CIFAR10-H,prob_label,10000,CLIP+UMAP,20,0.0001,1000,0.0999,0.2871027601086087,2.1456772182859263,0.1728370821115282,0.8537498047268227,False
135,CIFAR10-H,prob_label,10000,CLIP+UMAP,20,0.0001,5000,0.0998,0.2869479407587576,2.141825566773124,0.17284000688370246,0.8536865463404342,False
136,CIFAR10-H,prob_label,10000,CLIP+UMAP,20,0.0001,5000,0.1001,0.28693642036682343,2.1414845170461327,0.17282105769767325,0.8536633933252542,False
137,CIFAR10-H,prob_label,10000,CLIP+UMAP,20,0.0001,5000,0.1005,0.2869251852246022,2.1409990217146997,0.1728168245907933,0.8537065440684569,False
138,CIFAR10-H,prob_label,10000,CLIP+UMAP,20,0.0001,5000,0.1004,0.28691892318098744,2.1410152382149863,0.17282015692887862,0.8536803701065424,False
139,CIFAR10-H,prob_label,10000,CLIP+UMAP,20,0.0001,5000,0.1015,0.28693148505316163,2.1413081152828517,0.17281842118636015,0.8536901866852259,False
140,CIFAR10-H,prob_label,10000,CLIP+UMAP,20,0.0001,10000,0.1973,0.2869169812710985,2.1408342838093914,0.17281766035162457,0.8536821964891191,False
141,CIFAR10-H,prob_label,10000,CLIP+UMAP,20,0.0001,10000,0.1897,0.2869147929668458,2.1408885924438406,0.17281525679927742,0.8536793410319844,False
142,CIFAR10-H,prob_label,10000,CLIP+UMAP,20,0.0001,10000,0.2748,0.2869278373558789,2.141105614531086,0.1728127184638155,0.8536998005200863,False
143,CIFAR10-H,prob_label,10000,CLIP+UMAP,20,0.0001,10000,0.1004,0.2869537695994575,2.141912042459568,0.17283182194320632,0.8536860101230513,False
144,CIFAR10-H,prob_label,10000,CLIP+UMAP,20,0.0001,10000,0.1957,0.28691992931112387,2.140878324167444,0.17282696243321746,0.8537003807491473,False
145,CIFAR10-H,prob_label,10000,CLIP+UMAP,20,0.0001,100000,0.1015,0.28691154442216116,2.14067266409488,0.17280813988935856,0.8536956976520036,False
146,CIFAR10-H,prob_label,10000,CLIP+UMAP,20,0.0001,100000,0.1004,0.2869119875269499,2.1406623451141775,0.17280718004767098,0.8536945166137261,False
147,CIFAR10-H,prob_label,10000,CLIP+UMAP,20,0.0001,100000,0.1004,0.2869125083562369,2.1407041106887275,0.17280120007661234,0.8536896393002072,False
148,CIFAR10-H,prob_label,10000,CLIP+UMAP,20,0.0001,100000,0.1999,0.286909806468154,2.140664336208834,0.17281760772313995,0.853684021350303,False
149,CIFAR10-H,prob_label,10000,CLIP+UMAP,20,0.0001,100000,0.1015,0.286910950755921,2.140653068271689,0.17281220103674477,0.8536957559919334,False
150,CIFAR10-H,prob_label,10000,CLIP+UMAP,20,0.001,10,0.1001,0.3058954274509247,11.926450551538924,0.17381803279946326,0.8469062776229889,False
151,CIFAR10-H,prob_label,10000,CLIP+UMAP,20,0.001,10,0.1015,0.29664718781212607,9.517175897516788,0.17267450871668794,0.8447540621954893,False
152,CIFAR10-H,prob_label,10000,CLIP+UMAP,20,0.001,10,0.1015,0.30923757028057586,14.386156233046457,0.17541543323143963,0.8479317598759272,False
153,CIFAR10-H,prob_label,10000,CLIP+UMAP,20,0.001,10,0.1975,0.2915027139641635,7.065446864154574,0.1730582609937607,0.8474426861181817,False
154,CIFAR10-H,prob_label,10000,CLIP+UMAP,20,0.001,10,0.3523,0.2992389615634966,11.910836105597,0.17404812155353125,0.8497545829548285,False
155,CIFAR10-H,prob_label,10000,CLIP+UMAP,20,0.001,25,0.0999,0.2906553192618064,4.730144901230479,0.1717719098530991,0.8467865412460326,False
156,CIFAR10-H,prob_label,10000,CLIP+UMAP,20,0.001,25,0.0981,0.29237870066528604,4.791781603192228,0.17232612293725627,0.847059139761954,False
157,CIFAR10-H,prob_label,10000,CLIP+UMAP,20,0.001,25,0.2828,0.2901650984092734,4.732713285024463,0.1726232357931405,0.8477433791685253,False
158,CIFAR10-H,prob_label,10000,CLIP+UMAP,20,0.001,25,0.1905,0.2893403051249516,4.546143138376309,0.17171773509376279,0.8451462642378312,False
159,CIFAR10-H,prob_label,10000,CLIP+UMAP,20,0.001,25,0.1757,0.2906906238289895,4.694606228164846,0.17220172801318562,0.8468163925036745,False
160,CIFAR10-H,prob_label,10000,CLIP+UMAP,20,0.001,50,0.0998,0.2875510617528839,2.179305817561088,0.17125540223360392,0.8456109687328406,False
161,CIFAR10-H,prob_label,10000,CLIP+UMAP,20,0.001,50,0.0999,0.288623745644646,2.2285702661545628,0.17232120204710294,0.8488970141525407,False
162,CIFAR10-H,prob_label,10000,CLIP+UMAP,20,0.001,50,0.1005,0.28787477003467954,2.1483864351977706,0.17169081704797134,0.8484840902242926,False
163,CIFAR10-H,prob_label,10000,CLIP+UMAP,20,0.001,50,0.0995,0.28757149275798666,2.170372590192248,0.17143732258012906,0.846755635458678,False
164,CIFAR10-H,prob_label,10000,CLIP+UMAP,20,0.001,50,0.2766,0.287045450429158,2.162600743549552,0.17140782390451423,0.8467366945606093,False
165,CIFAR10-H,prob_label,10000,CLIP+UMAP,20,0.001,100,0.1999,0.28678668384926287,2.151032054653762,0.17145886636310798,0.846098272222752,False
166,CIFAR10-H,prob_label,10000,CLIP+UMAP,20,0.001,100,0.2903,0.285253694734692,2.0988929629234727,0.17134288356747945,0.8466886480654316,False
167,CIFAR10-H,prob_label,10000,CLIP+UMAP,20,0.001,100,0.1004,0.2883068226194626,2.172075879945041,0.1716739313591035,0.8483311132385856,False
168,CIFAR10-H,prob_label,10000,CLIP+UMAP,20,0.001,100,0.1914,0.2858475269492913,2.1024043448305942,0.17162063298526137,0.8480559359023803,False
169,CIFAR10-H,prob_label,10000,CLIP+UMAP,20,0.001,100,0.1001,0.28536311389728075,2.10864795518583,0.17129087389200642,0.8458997806734311,False
170,CIFAR10-H,prob_label,10000,CLIP+UMAP,20,0.001,250,0.1983,0.28519332149715715,2.0926064867452143,0.17147509071583064,0.8470548130923351,False
171,CIFAR10-H,prob_label,10000,CLIP+UMAP,20,0.001,250,0.0999,0.28532751955922014,2.093745335307324,0.17145129935639228,0.8473496888594116,False
172,CIFAR10-H,prob_label,10000,CLIP+UMAP,20,0.001,250,0.1857,0.28523419461929833,2.0990701930592097,0.17146988168240107,0.8466169864242529,False
173,CIFAR10-H,prob_label,10000,CLIP+UMAP,20,0.001,250,0.0999,0.28530510352688665,2.0957252652139955,0.17150849865776363,0.8470462180019742,False
174,CIFAR10-H,prob_label,10000,CLIP+UMAP,20,0.001,250,0.1003,0.2860032012739555,2.107799043004807,0.171760510357089,0.8477689997930422,False
175,CIFAR10-H,prob_label,10000,CLIP+UMAP,20,0.001,500,0.1309,0.2851419471253802,2.093097378079855,0.1714173692768184,0.8467414029468575,False
176,CIFAR10-H,prob_label,10000,CLIP+UMAP,20,0.001,500,0.1989,0.2849805149531042,2.0905360314903967,0.1713390640068044,0.8468164743816804,False
177,CIFAR10-H,prob_label,10000,CLIP+UMAP,20,0.001,500,0.1876,0.28485464357808293,2.0809837667241933,0.1713984757072577,0.8470378243808453,False
178,CIFAR10-H,prob_label,10000,CLIP+UMAP,20,0.001,500,0.1999,0.284760832292449,2.0812160119282024,0.17137238290936593,0.8469309835819584,False
179,CIFAR10-H,prob_label,10000,CLIP+UMAP,20,0.001,500,0.1989,0.284986764784812,2.0877118843677747,0.17131663537851666,0.8469513535739,False
180,CIFAR10-H,prob_label,10000,CLIP+UMAP,20,0.001,1000,0.2663,0.28489912098213843,2.0829480950529984,0.17142070227033093,0.8472488151385734,False
181,CIFAR10-H,prob_label,10000,CLIP+UMAP,20,0.001,1000,0.277,0.2851318732106044,2.089745604270692,0.17139044183256402,0.8472959736400056,False
182,CIFAR10-H,prob_label,10000,CLIP+UMAP,20,0.001,1000,0.1973,0.2848813390130265,2.082163864219093,0.17141666996716018,0.8473355942967512,False
183,CIFAR10-H,prob_label,10000,CLIP+UMAP,20,0.001,1000,0.2913,0.2848629101845645,2.08397428885823,0.17148303064465906,0.8469957611059983,False
184,CIFAR10-H,prob_label,10000,CLIP+UMAP,20,0.001,1000,0.2265,0.28483614893572506,2.0833471194612825,0.1713755110748917,0.8469684148729222,False
185,CIFAR10-H,prob_label,10000,CLIP+UMAP,20,0.001,5000,0.2911,0.28471669931463006,2.0794338344818932,0.17135980500396125,0.8470105336740251,False
186,CIFAR10-H,prob_label,10000,CLIP+UMAP,20,0.001,5000,0.2656,0.2847528770170293,2.0795713907109357,0.17139931754902177,0.8471511487769537,False
187,CIFAR10-H,prob_label,10000,CLIP+UMAP,20,0.001,5000,0.1988,0.2848068677276158,2.0806870969923006,0.171396490213977,0.8472042838843589,False
188,CIFAR10-H,prob_label,10000,CLIP+UMAP,20,0.001,5000,0.3439,0.28473081665356914,2.0791491195675302,0.1714090829214633,0.8471293555351779,False
189,CIFAR10-H,prob_label,10000,CLIP+UMAP,20,0.001,5000,0.2904,0.28463722774241623,2.078355943638237,0.17136172599548583,0.8468912907100488,False
190,CIFAR10-H,prob_label,10000,CLIP+UMAP,20,0.001,10000,0.2182,0.2847158727135701,2.0790361181001993,0.17140753777800716,0.8470390327328103,False
191,CIFAR10-H,prob_label,10000,CLIP+UMAP,20,0.001,10000,0.4768,0.2847119942940216,2.078871372471189,0.1714015096052944,0.8470873226364672,False
192,CIFAR10-H,prob_label,10000,CLIP+UMAP,20,0.001,10000,0.3609,0.28474329873757337,2.0792293069806216,0.17139657628521798,0.8471517558193591,False
193,CIFAR10-H,prob_label,10000,CLIP+UMAP,20,0.001,10000,0.3744,0.28472967575414654,2.0789464081447724,0.17139588923237584,0.8471019570141501,False
194,CIFAR10-H,prob_label,10000,CLIP+UMAP,20,0.001,10000,0.4538,0.28469442298323094,2.0783685126872258,0.1713838971846756,0.8470292582063701,False
195,CIFAR10-H,prob_label,10000,CLIP+UMAP,20,0.001,100000,0.5362,0.2846980950553962,2.078476272688777,0.17139730520432506,0.8470645416206156,False
196,CIFAR10-H,prob_label,10000,CLIP+UMAP,20,0.001,100000,0.4965,0.2846873366549192,2.0783746424545533,0.1713912234331279,0.8470357391520636,False
197,CIFAR10-H,prob_label,10000,CLIP+UMAP,20,0.001,100000,0.435,0.2846930073732889,2.07839173129601,0.17138933675075071,0.8470463147527658,False
198,CIFAR10-H,prob_label,10000,CLIP+UMAP,20,0.001,100000,0.4777,0.28470096736957407,2.0785076100300843,0.17138844993770624,0.8470733816314189,False
199,CIFAR10-H,prob_label,10000,CLIP+UMAP,20,0.001,100000,0.5021,0.2847111576125551,2.0786033889574504,0.17139653668453994,0.8470940111025275,False
200,CIFAR10-H,prob_label,10000,CLIP+UMAP,20,0.01,10,0.2929,0.2722116683021038,8.861022011194166,0.15492544911987366,0.759873104148364,False
201,CIFAR10-H,prob_label,10000,CLIP+UMAP,20,0.01,10,0.2947,0.29084555156222647,13.845446729078027,0.15666949235978367,0.7587012037446995,False
202,CIFAR10-H,prob_label,10000,CLIP+UMAP,20,0.01,10,0.2029,0.29159477832544783,11.561174415959568,0.16298346102671096,0.7978674051519556,False
203,CIFAR10-H,prob_label,10000,CLIP+UMAP,20,0.01,10,0.2705,0.28678729327530694,11.52668425332711,0.15953250683399717,0.7746053447350513,False
204,CIFAR10-H,prob_label,10000,CLIP+UMAP,20,0.01,10,0.0999,0.3179641302576014,14.061642948414233,0.17189716302798938,0.8353813071791119,False
205,CIFAR10-H,prob_label,10000,CLIP+UMAP,20,0.01,25,0.1978,0.269542634081959,1.7591030190932346,0.1564296722149527,0.7732525930369932,False
206,CIFAR10-H,prob_label,10000,CLIP+UMAP,20,0.01,25,0.2938,0.272060905674642,1.7679680851469952,0.1581931106277985,0.7832454259428185,False
207,CIFAR10-H,prob_label,10000,CLIP+UMAP,20,0.01,25,0.2831,0.2766901082006399,9.258171523872516,0.15764523773266953,0.7725427263956964,False
208,CIFAR10-H,prob_label,10000,CLIP+UMAP,20,0.01,25,0.2702,0.27921932684742584,4.31146604871741,0.1633132474357947,0.8064173852397784,False
209,CIFAR10-H,prob_label,10000,CLIP+UMAP,20,0.01,25,0.1988,0.27560924006751686,1.862964896585777,0.15897649923734647,0.7863191000517571,False
210,CIFAR10-H,prob_label,10000,CLIP+UMAP,20,0.01,50,0.2909,0.2728538923293827,1.8308771548063654,0.15860269188340917,0.7844060622905036,False
211,CIFAR10-H,prob_label,10000,CLIP+UMAP,20,0.01,50,0.5056,0.26682731418383393,1.705138955764738,0.1567163301135446,0.7751988651391503,False
212,CIFAR10-H,prob_label,10000,CLIP+UMAP,20,0.01,50,0.4744,0.26527776019053306,1.6496673026378457,0.15635609820911184,0.77328756300278,False
213,CIFAR10-H,prob_label,10000,CLIP+UMAP,20,0.01,50,0.1968,0.27389808373192576,1.7787685522682979,0.15802633106010885,0.7819649894782582,False
214,CIFAR10-H,prob_label,10000,CLIP+UMAP,20,0.01,50,0.2925,0.2710951537075392,1.7240161478547291,0.15934367162661778,0.7875529792254139,False
215,CIFAR10-H,prob_label,10000,CLIP+UMAP,20,0.01,100,0.4745,0.2671693018300158,1.67752108101841,0.1579480619025045,0.7813104302138778,False
216,CIFAR10-H,prob_label,10000,CLIP+UMAP,20,0.01,100,0.4712,0.2659231128580173,1.6813952106749959,0.15708605539389983,0.7782565704809378,False
217,CIFAR10-H,prob_label,10000,CLIP+UMAP,20,0.01,100,0.2916,0.26673631526712976,1.668818176423203,0.1569562732905807,0.7774735706674929,False
218,CIFAR10-H,prob_label,10000,CLIP+UMAP,20,0.01,100,0.3569,0.2670365408850573,1.6767722730058936,0.1577089398447425,0.7805850225657496,False
219,CIFAR10-H,prob_label,10000,CLIP+UMAP,20,0.01,100,0.3296,0.26709651585590566,1.6626236056464565,0.1572926674700153,0.7785799855630442,False
220,CIFAR10-H,prob_label,10000,CLIP+UMAP,20,0.01,250,0.3853,0.2669181891366106,1.6657888536915526,0.1579010426645327,0.7823145048271717,False
221,CIFAR10-H,prob_label,10000,CLIP+UMAP,20,0.01,250,0.4526,0.2664454154216128,1.657739676687961,0.15753603107383574,0.7808565286241087,False
222,CIFAR10-H,prob_label,10000,CLIP+UMAP,20,0.01,250,0.2936,0.2672632611335462,1.66856552204722,0.1577774122201335,0.7818455378382341,False
223,CIFAR10-H,prob_label,10000,CLIP+UMAP,20,0.01,250,0.6794,0.2658637603717306,1.6599854769016547,0.15754086709364234,0.780160586384858,False
224,CIFAR10-H,prob_label,10000,CLIP+UMAP,20,0.01,250,0.468,0.2665966049438135,1.6525236063133226,0.1577612106353063,0.7816979898462563,False
225,CIFAR10-H,prob_label,10000,CLIP+UMAP,20,0.01,500,0.4399,0.2649399743303446,1.6362351120577474,0.15680339179597427,0.7767528795240962,False
226,CIFAR10-H,prob_label,10000,CLIP+UMAP,20,0.01,500,0.3703,0.2662573152659171,1.6507724210034398,0.15752146764325864,0.7802920945409296,False
227,CIFAR10-H,prob_label,10000,CLIP+UMAP,20,0.01,500,0.4651,0.2641890885943151,1.6335424094780364,0.15651639909446324,0.7754491519798731,False
228,CIFAR10-H,prob_label,10000,CLIP+UMAP,20,0.01,500,0.5231,0.26593599394899536,1.6408195394999052,0.1576138612482799,0.7809550154737882,False
229,CIFAR10-H,prob_label,10000,CLIP+UMAP,20,0.01,500,0.7211,0.2653787831267566,1.6378723445271934,0.15739984201960824,0.7796829974845576,False
230,CIFAR10-H,prob_label,10000,CLIP+UMAP,20,0.01,1000,0.728,0.26590395029526653,1.642687026174525,0.15773034815541526,0.7815623814277427,False
231,CIFAR10-H,prob_label,10000,CLIP+UMAP,20,0.01,1000,0.7053,0.26426397885168396,1.6265326766818546,0.15668920325811095,0.7759959537123455,False
232,CIFAR10-H,prob_label,10000,CLIP+UMAP,20,0.01,1000,0.3961,0.2656684274866526,1.6441754465046856,0.15731036160198814,0.7791739993732281,False
233,CIFAR10-H,prob_label,10000,CLIP+UMAP,20,0.01,1000,0.6652,0.2642846934572767,1.6282548657562386,0.156611868626494,0.7760564225646437,False
234,CIFAR10-H,prob_label,10000,CLIP+UMAP,20,0.01,1000,0.5305,0.26426667901564527,1.6284363209761845,0.15659442209364435,0.7758719446637572,False
235,CIFAR10-H,prob_label,10000,CLIP+UMAP,20,0.01,5000,0.708,0.2650449094428301,1.6335766552557787,0.15713720917748636,0.7784015456031257,False
236,CIFAR10-H,prob_label,10000,CLIP+UMAP,20,0.01,5000,0.7604,0.26462073184597756,1.6303925176309102,0.15693563179848982,0.7775539100263189,False
237,CIFAR10-H,prob_label,10000,CLIP+UMAP,20,0.01,5000,0.6866,0.2651658907308225,1.6356185943858141,0.1572753207277685,0.7792853914623502,False
238,CIFAR10-H,prob_label,10000,CLIP+UMAP,20,0.01,5000,0.561,0.26476140138641824,1.6297684567276887,0.15698416550551894,0.7777173719218161,False
239,CIFAR10-H,prob_label,10000,CLIP+UMAP,20,0.01,5000,0.6915,0.2645707389512962,1.6305224793285547,0.1568785816417519,0.7773695675781577,False
240,CIFAR10-H,prob_label,10000,CLIP+UMAP,20,0.01,10000,0.7254,0.2647889673155845,1.6308921858589527,0.15701678774671646,0.7779183837657075,False
241,CIFAR10-H,prob_label,10000,CLIP+UMAP,20,0.01,10000,0.6716,0.2645494014582727,1.631919656790552,0.15689755720341658,0.7774448114558079,False
242,CIFAR10-H,prob_label,10000,CLIP+UMAP,20,0.01,10000,0.7941,0.2645952721591946,1.6291393600092003,0.15684007543248146,0.7771476852370615,False
243,CIFAR10-H,prob_label,10000,CLIP+UMAP,20,0.01,10000,0.7805,0.2646476618399937,1.6298418444213978,0.15686946745890398,0.7772325276618801,False
244,CIFAR10-H,prob_label,10000,CLIP+UMAP,20,0.01,10000,0.8028,0.2651977600669924,1.6349742757866672,0.15723653182741743,0.7789491518357206,False
245,CIFAR10-H,prob_label,10000,CLIP+UMAP,20,0.01,100000,0.722,0.26470730390403635,1.6310191223484616,0.15697238626921456,0.7777454252225955,False
246,CIFAR10-H,prob_label,10000,CLIP+UMAP,20,0.01,100000,0.7933,0.2647394717731995,1.6305574154808309,0.15698764591668174,0.7777742793706931,False
247,CIFAR10-H,prob_label,10000,CLIP+UMAP,20,0.01,100000,0.7664,0.2648236942743714,1.6318202375300257,0.15705292420009775,0.7781013934386644,False
248,CIFAR10-H,prob_label,10000,CLIP+UMAP,20,0.01,100000,0.772,0.2647333293838732,1.6308235119311478,0.15700128433177224,0.7778946608248652,False
249,CIFAR10-H,prob_label,10000,CLIP+UMAP,20,0.01,100000,0.7822,0.26476689344923304,1.6309656874185472,0.15699764804328728,0.7778286387473181,False
250,CIFAR10-H,prob_label,10000,CLIP+UMAP,20,0.1,10,0.4374,0.28523123711740583,12.977658780121013,0.12602498551078203,0.6158647938012913,False
251,CIFAR10-H,prob_label,10000,CLIP+UMAP,20,0.1,10,0.5394,0.24347862396798908,7.902388260966411,0.10953570268909636,0.5338437937419012,False
252,CIFAR10-H,prob_label,10000,CLIP+UMAP,20,0.1,10,0.4599,0.2694228356147383,10.23583430751681,0.12263544923603056,0.5971755868882784,False
253,CIFAR10-H,prob_label,10000,CLIP+UMAP,20,0.1,10,0.5335,0.23072557330758742,5.828635151446427,0.11433007338487253,0.554269354732271,False
254,CIFAR10-H,prob_label,10000,CLIP+UMAP,20,0.1,10,0.4856,0.261507289998066,10.420939185942489,0.11922280704178971,0.5815895878992448,False
255,CIFAR10-H,prob_label,10000,CLIP+UMAP,20,0.1,25,0.7068,0.18589946846484517,0.8740732760770207,0.09490933471652532,0.4657626358768985,False
256,CIFAR10-H,prob_label,10000,CLIP+UMAP,20,0.1,25,0.5626,0.22959251134230688,5.867218943077775,0.11293092460465233,0.5546193590746823,False
257,CIFAR10-H,prob_label,10000,CLIP+UMAP,20,0.1,25,0.735,0.19004070691708097,3.2689373351037996,0.09300746124426781,0.45487600399383626,False
258,CIFAR10-H,prob_label,10000,CLIP+UMAP,20,0.1,25,0.5924,0.22132896863743637,3.3251173917222316,0.10892268974011914,0.533420579870227,False
259,CIFAR10-H,prob_label,10000,CLIP+UMAP,20,0.1,25,0.6186,0.2019559208435778,0.9391140368436162,0.10068975095174929,0.49638705928383936,False
260,CIFAR10-H,prob_label,10000,CLIP+UMAP,20,0.1,50,0.8361,0.18457657466829042,0.8517557269260909,0.09698777022458538,0.47634497740004283,False
261,CIFAR10-H,prob_label,10000,CLIP+UMAP,20,0.1,50,0.7039,0.2018390613830793,1.0024162053238828,0.10452484588101416,0.513830141569073,False
262,CIFAR10-H,prob_label,10000,CLIP+UMAP,20,0.1,50,0.6637,0.19223884826285279,0.8956587057118499,0.0961682566057772,0.47256976480952717,False
263,CIFAR10-H,prob_label,10000,CLIP+UMAP,20,0.1,50,0.6547,0.19638334210871186,0.9494741771377881,0.09984560395439288,0.49129864630066433,False
264,CIFAR10-H,prob_label,10000,CLIP+UMAP,20,0.1,50,0.7084,0.20139580566264578,0.9129453662080181,0.0987600322635252,0.48619157575818356,False
265,CIFAR10-H,prob_label,10000,CLIP+UMAP,20,0.1,100,0.8701,0.17695410912529347,0.792812980831025,0.09224730819741137,0.4532067086722619,False
266,CIFAR10-H,prob_label,10000,CLIP+UMAP,20,0.1,100,0.7746,0.1815349369876837,0.7955984176925163,0.09525799555956836,0.4683906167824944,False
267,CIFAR10-H,prob_label,10000,CLIP+UMAP,20,0.1,100,0.8477,0.18228007094774654,0.8417413159456147,0.09606732128893077,0.47345215457889117,False
268,CIFAR10-H,prob_label,10000,CLIP+UMAP,20,0.1,100,0.6807,0.18177422295461726,0.8111315971392068,0.09491061124576414,0.4659296942191846,False
269,CIFAR10-H,prob_label,10000,CLIP+UMAP,20,0.1,100,0.747,0.17764420216946936,0.7796711333649878,0.09312090820580846,0.4590150186196117,False
270,CIFAR10-H,prob_label,10000,CLIP+UMAP,20,0.1,250,0.8023,0.17923739699063593,0.7831429021047908,0.09289694710425153,0.45660653963278863,False
271,CIFAR10-H,prob_label,10000,CLIP+UMAP,20,0.1,250,0.8657,0.17582356644265756,0.7714782013149539,0.09216010272763948,0.4533816026921524,False
272,CIFAR10-H,prob_label,10000,CLIP+UMAP,20,0.1,250,0.8675,0.17957911563670725,0.7796794877560742,0.0954177273272841,0.4703460209223698,False
273,CIFAR10-H,prob_label,10000,CLIP+UMAP,20,0.1,250,0.8314,0.17929112691651256,0.7880555508815028,0.09469088467163442,0.46557147829585055,False
274,CIFAR10-H,prob_label,10000,CLIP+UMAP,20,0.1,250,0.8762,0.1786589568251159,0.7774051688877985,0.09403474064500635,0.46257301152906527,False
275,CIFAR10-H,prob_label,10000,CLIP+UMAP,20,0.1,500,0.8818,0.17804993659259236,0.7610300690210737,0.09305380073819951,0.4578365495203873,False
276,CIFAR10-H,prob_label,10000,CLIP+UMAP,20,0.1,500,0.8559,0.17672010009635952,0.75147255407828,0.09267297316461752,0.45622719475462664,False
277,CIFAR10-H,prob_label,10000,CLIP+UMAP,20,0.1,500,0.8381,0.17704249530392768,0.7649228767150815,0.09297901153698862,0.45781549006558436,False
278,CIFAR10-H,prob_label,10000,CLIP+UMAP,20,0.1,500,0.7938,0.17725105678621983,0.7734129571271757,0.0928078390162201,0.45645782855292744,False
279,CIFAR10-H,prob_label,10000,CLIP+UMAP,20,0.1,500,0.8663,0.17736598488554497,0.7516595892301536,0.09385031006169811,0.46189706635756383,False
280,CIFAR10-H,prob_label,10000,CLIP+UMAP,20,0.1,1000,0.8123,0.17916336583995487,0.757705163417937,0.09517062812371478,0.4689101117192321,False
281,CIFAR10-H,prob_label,10000,CLIP+UMAP,20,0.1,1000,0.878,0.17596984048592637,0.7359101091722193,0.09289893717320406,0.45736134548785656,False
282,CIFAR10-H,prob_label,10000,CLIP+UMAP,20,0.1,1000,0.8766,0.17845297061477416,0.7554367900076419,0.09495926619827653,0.46776577200373304,False
283,CIFAR10-H,prob_label,10000,CLIP+UMAP,20,0.1,1000,0.873,0.17943893900539326,0.7536891583043239,0.09573471320901614,0.47161947335450505,False
284,CIFAR10-H,prob_label,10000,CLIP+UMAP,20,0.1,1000,0.8861,0.1769579956241401,0.7369333481044464,0.09318856978541314,0.4590962346263073,False
285,CIFAR10-H,prob_label,10000,CLIP+UMAP,20,0.1,5000,0.8748,0.17712258637189005,0.736371056302955,0.09366211976484816,0.4614250121391321,False
286,CIFAR10-H,prob_label,10000,CLIP+UMAP,20,0.1,5000,0.8731,0.17788491844152038,0.7414284768140622,0.09443848556841969,0.46506009450398067,False
287,CIFAR10-H,prob_label,10000,CLIP+UMAP,20,0.1,5000,0.8781,0.17668562451926403,0.7330821453619757,0.09342136427706974,0.4601048440690576,False
288,CIFAR10-H,prob_label,10000,CLIP+UMAP,20,0.1,5000,0.8789,0.17711200907616154,0.7383207085984265,0.09365955766324487,0.4614579389979073,False
289,CIFAR10-H,prob_label,10000,CLIP+UMAP,20,0.1,5000,0.8747,0.1776420051307182,0.7408722234319727,0.09440973265751051,0.4647350048050185,False
290,CIFAR10-H,prob_label,10000,CLIP+UMAP,20,0.1,10000,0.8743,0.17704971034027156,0.7360661290339302,0.09383653866540884,0.46217164319547194,False
291,CIFAR10-H,prob_label,10000,CLIP+UMAP,20,0.1,10000,0.8768,0.1773692493809251,0.7354062092005809,0.09398189636715393,0.462753999117417,False
292,CIFAR10-H,prob_label,10000,CLIP+UMAP,20,0.1,10000,0.8776,0.17716770630818118,0.736017443123869,0.09391756185593807,0.4625719722417486,False
293,CIFAR10-H,prob_label,10000,CLIP+UMAP,20,0.1,10000,0.8777,0.17781672990105743,0.7391332212716852,0.0943138482993792,0.4646111131716073,False
294,CIFAR10-H,prob_label,10000,CLIP+UMAP,20,0.1,10000,0.8751,0.1780961590091948,0.7417449940745381,0.09461972961884516,0.465968444457509,False
295,CIFAR10-H,prob_label,10000,CLIP+UMAP,20,0.1,100000,0.8762,0.1773436326046726,0.7347199885307654,0.09402408189804111,0.4630134616311637,False
296,CIFAR10-H,prob_label,10000,CLIP+UMAP,20,0.1,100000,0.8762,0.17731138014274933,0.7356662387595561,0.09406495779287162,0.4632788591324361,False
297,CIFAR10-H,prob_label,10000,CLIP+UMAP,20,0.1,100000,0.8757,0.17723140450202404,0.7337853287786101,0.09400514634070176,0.46292853561918057,False
298,CIFAR10-H,prob_label,10000,CLIP+UMAP,20,0.1,100000,0.877,0.17731268763580021,0.7350682496555784,0.0940949631912121,0.46343172195754295,False
299,CIFAR10-H,prob_label,10000,CLIP+UMAP,20,0.1,100000,0.875,0.17747972763831427,0.7359050275731072,0.09419106927745091,0.4638967985827233,False
300,CIFAR10-H,prob_label,10000,CLIP+UMAP,20,1.0,10,0.456,0.31641812916609735,9.021658452777524,0.11040833816466775,0.5499929386241619,False
301,CIFAR10-H,prob_label,10000,CLIP+UMAP,20,1.0,10,0.6158,0.21543970097273452,4.354972550055545,0.07718936564049764,0.3803133409230863,False
302,CIFAR10-H,prob_label,10000,CLIP+UMAP,20,1.0,10,0.4576,0.28431518900775726,8.30298509826276,0.11467447443205706,0.5700155517049963,False
303,CIFAR10-H,prob_label,10000,CLIP+UMAP,20,1.0,10,0.6022,0.2370193376471581,4.492730180134395,0.08684235806784835,0.4308906537124857,False
304,CIFAR10-H,prob_label,10000,CLIP+UMAP,20,1.0,10,0.5394,0.2694113993444415,7.926282663332972,0.09656401143242617,0.4735713467738689,False
305,CIFAR10-H,prob_label,10000,CLIP+UMAP,20,1.0,25,0.7719,0.16541115896265596,3.287866560726155,0.05117759966625168,0.24990694539425623,False
306,CIFAR10-H,prob_label,10000,CLIP+UMAP,20,1.0,25,0.8596,0.128827382690627,1.2020710115527784,0.03742009100079301,0.18197845819478067,False
307,CIFAR10-H,prob_label,10000,CLIP+UMAP,20,1.0,25,0.7361,0.1848905666093753,2.703716779534888,0.06413209231471537,0.31078030275492713,False
308,CIFAR10-H,prob_label,10000,CLIP+UMAP,20,1.0,25,0.7863,0.16730962977246067,3.4125663623910136,0.05678435422989129,0.27629810752832895,False
309,CIFAR10-H,prob_label,10000,CLIP+UMAP,20,1.0,25,0.8263,0.1419762427498971,1.1523052903461823,0.043725368457403296,0.21385715545447065,False
310,CIFAR10-H,prob_label,10000,CLIP+UMAP,20,1.0,50,0.8211,0.13114259412391532,1.0978835365864306,0.04187880426790212,0.2041978259109149,False
311,CIFAR10-H,prob_label,10000,CLIP+UMAP,20,1.0,50,0.7793,0.1728498335421394,2.4712424403546085,0.061650952479072374,0.3018262578812394,False
312,CIFAR10-H,prob_label,10000,CLIP+UMAP,20,1.0,50,0.8697,0.1238660527762165,1.067581296731383,0.0349245401450076,0.16851830407980628,False
313,CIFAR10-H,prob_label,10000,CLIP+UMAP,20,1.0,50,0.8461,0.13658420484364273,1.061630484875724,0.045880107699218686,0.2217369287845785,False
314,CIFAR10-H,prob_label,10000,CLIP+UMAP,20,1.0,50,0.8752,0.12331704999750237,1.0638403817704285,0.03483290619933667,0.1655044544445439,False
315,CIFAR10-H,prob_label,10000,CLIP+UMAP,20,1.0,100,0.8825,0.1292295800823603,0.8735661493152542,0.04802458998039783,0.2336532694269266,False
316,CIFAR10-H,prob_label,10000,CLIP+UMAP,20,1.0,100,0.8763,0.12161785554077673,0.786201302297345,0.040146661521514734,0.19287912955725106,False
317,CIFAR10-H,prob_label,10000,CLIP+UMAP,20,1.0,100,0.8685,0.12555816992767183,0.8244822741253985,0.04286762003039342,0.20684899732152975,False
318,CIFAR10-H,prob_label,10000,CLIP+UMAP,20,1.0,100,0.8762,0.12040299178076266,1.0416825629907773,0.03477471009430499,0.1646738446150327,False
319,CIFAR10-H,prob_label,10000,CLIP+UMAP,20,1.0,100,0.8856,0.12262491218935156,0.8413548101726381,0.03892378730417119,0.18846640583231578,False
320,CIFAR10-H,prob_label,10000,CLIP+UMAP,20,1.0,250,0.8754,0.12002429357325073,0.6146921568532626,0.042315667812403465,0.2031421359201157,False
321,CIFAR10-H,prob_label,10000,CLIP+UMAP,20,1.0,250,0.8783,0.117752989631808,0.6842949742837598,0.03790682943743578,0.18357267036886002,False
322,CIFAR10-H,prob_label,10000,CLIP+UMAP,20,1.0,250,0.8834,0.11627848604737431,0.7055090330775841,0.03623688248303148,0.17556933216724363,False
323,CIFAR10-H,prob_label,10000,CLIP+UMAP,20,1.0,250,0.8856,0.11720601909245965,0.6804550171135038,0.03794973684837732,0.18347224328900819,False
324,CIFAR10-H,prob_label,10000,CLIP+UMAP,20,1.0,250,0.8874,0.11847126080567698,0.5719653361540008,0.04316079960647035,0.20906979674371004,False
325,CIFAR10-H,prob_label,10000,CLIP+UMAP,20,1.0,500,0.8856,0.11486155200959283,0.48047424669021177,0.0400194052451875,0.1922558299721301,False
326,CIFAR10-H,prob_label,10000,CLIP+UMAP,20,1.0,500,0.8878,0.11436304143442058,0.5199442634255381,0.03985687565344779,0.19216756946405814,False
327,CIFAR10-H,prob_label,10000,CLIP+UMAP,20,1.0,500,0.8795,0.1164306922505595,0.5885560095076822,0.039393023841360605,0.1896185209053432,False
328,CIFAR10-H,prob_label,10000,CLIP+UMAP,20,1.0,500,0.8829,0.11635945868637654,0.526059079442746,0.03993507582651213,0.1923176481977977,False
329,CIFAR10-H,prob_label,10000,CLIP+UMAP,20,1.0,500,0.8819,0.11431847527067258,0.46866256829183806,0.03757629788524589,0.18159768817318472,False
330,CIFAR10-H,prob_label,10000,CLIP+UMAP,20,1.0,1000,0.8789,0.11406172791607003,0.45563827486032277,0.03647002841298345,0.1762321653553031,False
331,CIFAR10-H,prob_label,10000,CLIP+UMAP,20,1.0,1000,0.8826,0.1145450379705057,0.49262760275278444,0.03930296108071012,0.18936088627728767,False
332,CIFAR10-H,prob_label,10000,CLIP+UMAP,20,1.0,1000,0.8833,0.11365488136099602,0.46830748336410943,0.03733082018054238,0.17983999994612646,False
333,CIFAR10-H,prob_label,10000,CLIP+UMAP,20,1.0,1000,0.8818,0.1150036911785793,0.44429311988996634,0.0383106719734174,0.1848483998262971,False
334,CIFAR10-H,prob_label,10000,CLIP+UMAP,20,1.0,1000,0.8813,0.11441013260811736,0.45980840865564676,0.038918686612496575,0.18823372574075906,False
335,CIFAR10-H,prob_label,10000,CLIP+UMAP,20,1.0,5000,0.8824,0.11361551166786137,0.3741241476137949,0.03848580027351563,0.18578524308749772,False
336,CIFAR10-H,prob_label,10000,CLIP+UMAP,20,1.0,5000,0.8834,0.11366514381138952,0.3760057474254672,0.03798560572536018,0.18327213302379464,False
337,CIFAR10-H,prob_label,10000,CLIP+UMAP,20,1.0,5000,0.8808,0.11308353849807051,0.36107909521173903,0.03790229210534825,0.1825048002560352,False
338,CIFAR10-H,prob_label,10000,CLIP+UMAP,20,1.0,5000,0.8806,0.11366122075574672,0.3641360136584988,0.03835341465859095,0.18451097214580764,False
339,CIFAR10-H,prob_label,10000,CLIP+UMAP,20,1.0,5000,0.882,0.11353126601034975,0.3682202710104506,0.038341365661072976,0.18469889643570464,False
340,CIFAR10-H,prob_label,10000,CLIP+UMAP,20,1.0,10000,0.8809,0.11372489970546021,0.3611983021831023,0.03813507677586235,0.18395367421947878,False
341,CIFAR10-H,prob_label,10000,CLIP+UMAP,20,1.0,10000,0.88,0.11371414863582337,0.3580410964689808,0.03800374005737665,0.18295480800063768,False
342,CIFAR10-H,prob_label,10000,CLIP+UMAP,20,1.0,10000,0.8806,0.1134070455701893,0.3608577586686705,0.038041824630576135,0.1831682872512066,False
343,CIFAR10-H,prob_label,10000,CLIP+UMAP,20,1.0,10000,0.881,0.11350643237004557,0.3717829847288301,0.0379978602301477,0.18320198704858204,False
344,CIFAR10-H,prob_label,10000,CLIP+UMAP,20,1.0,10000,0.8816,0.1134036159047419,0.3593484329345203,0.03814402007496094,0.18400564946888104,False
345,CIFAR10-H,prob_label,10000,CLIP+UMAP,20,1.0,100000,0.8805,0.11327279291768669,0.3430487368170383,0.03789678371307844,0.18256401062359048,False
346,CIFAR10-H,prob_label,10000,CLIP+UMAP,20,1.0,100000,0.8812,0.11327736289393645,0.3436481379866166,0.03769386664459021,0.18161377816784446,False
347,CIFAR10-H,prob_label,10000,CLIP+UMAP,20,1.0,100000,0.8803,0.11338487371770486,0.3435239059374677,0.0379338682154414,0.18277352929849677,False
348,CIFAR10-H,prob_label,10000,CLIP+UMAP,20,1.0,100000,0.881,0.11332337724744734,0.34371836297272174,0.03771032568066238,0.18174599377175396,False
349,CIFAR10-H,prob_label,10000,CLIP+UMAP,20,1.0,100000,0.8807,0.11336340788933219,0.3438582953644436,0.03766439486585318,0.1814910126635073,False
350,CIFAR10-H,prob_label,10000,CLIP+UMAP,20,10.0,10,0.6348,0.2017010668307324,2.7768877010831736,0.07729055426679188,0.3840583812655771,False
351,CIFAR10-H,prob_label,10000,CLIP+UMAP,20,10.0,10,0.641,0.1831795997723215,1.6033509220298212,0.07971722424656055,0.39329254550244125,False
352,CIFAR10-H,prob_label,10000,CLIP+UMAP,20,10.0,10,0.533,0.2170806488637013,2.8398323013960693,0.09271367629156105,0.4586703225099239,False
353,CIFAR10-H,prob_label,10000,CLIP+UMAP,20,10.0,10,0.6379,0.19830695295326942,2.756816083386128,0.0756490130982543,0.3747779312094666,False
354,CIFAR10-H,prob_label,10000,CLIP+UMAP,20,10.0,10,0.6085,0.19217093343471045,1.8367007607532162,0.0802247280206553,0.39737099409964005,False
355,CIFAR10-H,prob_label,10000,CLIP+UMAP,20,10.0,25,0.7908,0.17195990312027337,2.5071227913744916,0.045881373593634284,0.2284199685206679,False
356,CIFAR10-H,prob_label,10000,CLIP+UMAP,20,10.0,25,0.7697,0.1715157661510624,2.7211984741998423,0.0505825575463732,0.24907018847470414,False
357,CIFAR10-H,prob_label,10000,CLIP+UMAP,20,10.0,25,0.8467,0.15084195443289972,2.3062398132619286,0.03610653413364024,0.17820394362051042,False
358,CIFAR10-H,prob_label,10000,CLIP+UMAP,20,10.0,25,0.6867,0.21412785267621898,3.6691974671100245,0.06593515071910985,0.32827003804790467,False
359,CIFAR10-H,prob_label,10000,CLIP+UMAP,20,10.0,25,0.8899,0.12700345714964129,1.5125047849905124,0.029216263566511008,0.14457869572906085,False
360,CIFAR10-H,prob_label,10000,CLIP+UMAP,20,10.0,50,0.8518,0.14438900114621825,1.9798630310486398,0.03441891390955352,0.16941663541112542,False
361,CIFAR10-H,prob_label,10000,CLIP+UMAP,20,10.0,50,0.8108,0.16096891616008424,2.503710655384566,0.041910862306826044,0.20479836049994551,False
362,CIFAR10-H,prob_label,10000,CLIP+UMAP,20,10.0,50,0.7915,0.16362822854877973,2.5598547645667855,0.04643720981236154,0.23035255833056958,False
363,CIFAR10-H,prob_label,10000,CLIP+UMAP,20,10.0,50,0.8365,0.15746141241403674,2.2228343396953636,0.037444673910614394,0.18536190228443566,False
364,CIFAR10-H,prob_label,10000,CLIP+UMAP,20,10.0,50,0.7546,0.1904354712929885,2.5888823790516327,0.05311432178881289,0.2630913472534551,False
365,CIFAR10-H,prob_label,10000,CLIP+UMAP,20,10.0,100,0.8639,0.13825223145930537,2.2863075429216106,0.03258830419748829,0.16038267864449932,False
366,CIFAR10-H,prob_label,10000,CLIP+UMAP,20,10.0,100,0.822,0.15700934046106332,2.1222164287292458,0.04198654047891477,0.20465070172294428,False
367,CIFAR10-H,prob_label,10000,CLIP+UMAP,20,10.0,100,0.8562,0.1419532428658239,1.9681060680205988,0.03272628597279651,0.1616720759249222,False
368,CIFAR10-H,prob_label,10000,CLIP+UMAP,20,10.0,100,0.8416,0.14479179994730412,1.5533203041579675,0.03791680451010115,0.18596915521481708,False
369,CIFAR10-H,prob_label,10000,CLIP+UMAP,20,10.0,100,0.8298,0.14876257296946152,1.8590480433616663,0.037796150116891684,0.18608249528923207,False
370,CIFAR10-H,prob_label,10000,CLIP+UMAP,20,10.0,250,0.8593,0.1374356343376259,1.4480111716056956,0.035503659223021275,0.17270092007417442,False
371,CIFAR10-H,prob_label,10000,CLIP+UMAP,20,10.0,250,0.8781,0.12478727744909975,1.4462847859357817,0.030035428010308386,0.1461397963379241,False
372,CIFAR10-H,prob_label,10000,CLIP+UMAP,20,10.0,250,0.8634,0.1334216936239802,1.3734019832860405,0.03389885971562058,0.1637345428780229,False
373,CIFAR10-H,prob_label,10000,CLIP+UMAP,20,10.0,250,0.8724,0.12750125955628103,1.4145689486391095,0.03248325846312479,0.15717334408120154,False
374,CIFAR10-H,prob_label,10000,CLIP+UMAP,20,10.0,250,0.8773,0.12882689053750296,1.4541714921745887,0.03202529696614981,0.15563368066095953,False
375,CIFAR10-H,prob_label,10000,CLIP+UMAP,20,10.0,500,0.8883,0.11957658310095258,1.0178412900212694,0.032008868033806856,0.15441687040598218,False
376,CIFAR10-H,prob_label,10000,CLIP+UMAP,20,10.0,500,0.8796,0.12221771153137499,0.9198818934969546,0.03336852391855156,0.1619489053291006,False
377,CIFAR10-H,prob_label,10000,CLIP+UMAP,20,10.0,500,0.889,0.11940084581853475,0.9056484092018978,0.03507058723156346,0.16932242352643578,False
378,CIFAR10-H,prob_label,10000,CLIP+UMAP,20,10.0,500,0.8837,0.12452411735555688,1.1229889700014155,0.03321963280691868,0.16142926042028977,False
379,CIFAR10-H,prob_label,10000,CLIP+UMAP,20,10.0,500,0.8799,0.12266759421770686,1.0422133351225544,0.03411609427548219,0.1647389888552572,False
380,CIFAR10-H,prob_label,10000,CLIP+UMAP,20,10.0,1000,0.8989,0.11025843532085897,0.7331010723345562,0.030347613034729548,0.14595540476669436,False
381,CIFAR10-H,prob_label,10000,CLIP+UMAP,20,10.0,1000,0.8967,0.11147387945115703,0.6759593695437196,0.030932326381099374,0.14890571027400296,False
382,CIFAR10-H,prob_label,10000,CLIP+UMAP,20,10.0,1000,0.9003,0.11032279472069276,0.7821077167434892,0.02981623021014921,0.14345294901426883,False
383,CIFAR10-H,prob_label,10000,CLIP+UMAP,20,10.0,1000,0.8955,0.11229985294673095,0.8491923713691436,0.02992973031922653,0.14440262037290344,False
384,CIFAR10-H,prob_label,10000,CLIP+UMAP,20,10.0,1000,0.8965,0.11134593752389961,0.7303767019374703,0.031176094451061714,0.14973648250691554,False
385,CIFAR10-H,prob_label,10000,CLIP+UMAP,20,10.0,5000,0.9094,0.10091335915276126,0.364383395986029,0.02873853227500736,0.1376062859914481,False
386,CIFAR10-H,prob_label,10000,CLIP+UMAP,20,10.0,5000,0.908,0.10082153850168585,0.3757095243630686,0.029258684625443197,0.14041962654357737,False
387,CIFAR10-H,prob_label,10000,CLIP+UMAP,20,10.0,5000,0.9055,0.10203596127191046,0.3756867923846093,0.02926994076500598,0.14006694770449793,False
388,CIFAR10-H,prob_label,10000,CLIP+UMAP,20,10.0,5000,0.912,0.10040700626492945,0.37373336795474427,0.02893832957231482,0.1389113841492553,False
389,CIFAR10-H,prob_label,10000,CLIP+UMAP,20,10.0,5000,0.9083,0.10096043421589726,0.3752253236462961,0.029259486977386295,0.1399150741485957,False
390,CIFAR10-H,prob_label,10000,CLIP+UMAP,20,10.0,10000,0.9114,0.09839319606439582,0.3187409162496775,0.028263252324879622,0.1356678634626354,False
391,CIFAR10-H,prob_label,10000,CLIP+UMAP,20,10.0,10000,0.9101,0.0988061446496942,0.31687831932537097,0.028422419781649767,0.13611530836731853,False
392,CIFAR10-H,prob_label,10000,CLIP+UMAP,20,10.0,10000,0.9106,0.099190459468761,0.32013490362123864,0.028223052071664385,0.13520809684496685,False
393,CIFAR10-H,prob_label,10000,CLIP+UMAP,20,10.0,10000,0.911,0.09897041891804423,0.3196542410726216,0.028331366117338986,0.13573099809612243,False
394,CIFAR10-H,prob_label,10000,CLIP+UMAP,20,10.0,10000,0.9075,0.09953594474436198,0.3084115039071331,0.028606548037325492,0.13720066913887707,False
395,CIFAR10-H,prob_label,10000,CLIP+UMAP,20,10.0,100000,0.9129,0.09735383035482542,0.240910687014599,0.027906616942780273,0.13370312113200356,False
396,CIFAR10-H,prob_label,10000,CLIP+UMAP,20,10.0,100000,0.9127,0.09742277200501812,0.24161741790584296,0.028184254427102356,0.1350331701171816,False
397,CIFAR10-H,prob_label,10000,CLIP+UMAP,20,10.0,100000,0.9126,0.097530312563039,0.2429554477715877,0.028042387043169015,0.13439922705223767,False
398,CIFAR10-H,prob_label,10000,CLIP+UMAP,20,10.0,100000,0.9131,0.09743506944249328,0.24134767526936712,0.028139708992466483,0.13477147348739807,False
399,CIFAR10-H,prob_label,10000,CLIP+UMAP,20,10.0,100000,0.9123,0.09741496598159978,0.2411105887842756,0.028104017417178197,0.1347352342674397,False
400,CIFAR10-H,prob_label,10000,CLIP+UMAP,20,100.0,10,0.2486,0.27633624033390647,2.214281384000099,0.15693850032613021,0.7749281423063217,False
401,CIFAR10-H,prob_label,10000,CLIP+UMAP,20,100.0,10,0.2316,0.28076699239479896,2.17648447934234,0.16309141276796252,0.8056455349088776,False
402,CIFAR10-H,prob_label,10000,CLIP+UMAP,20,100.0,10,0.3635,0.2750933803717928,2.207321497643333,0.15619887276888328,0.7721985402886927,False
403,CIFAR10-H,prob_label,10000,CLIP+UMAP,20,100.0,10,0.26,0.27475913580832323,2.0945623539918916,0.1581985847475174,0.7813310925567218,False
404,CIFAR10-H,prob_label,10000,CLIP+UMAP,20,100.0,10,0.3629,0.27350609989452734,2.0334402428889824,0.15716709936016496,0.7758360635671423,False
405,CIFAR10-H,prob_label,10000,CLIP+UMAP,20,100.0,25,0.5087,0.2554181656628781,2.1062832925017543,0.13216102529617513,0.651587287429527,False
406,CIFAR10-H,prob_label,10000,CLIP+UMAP,20,100.0,25,0.5024,0.2585873331437525,1.985353810104658,0.1383106779293719,0.6826963233070895,False
407,CIFAR10-H,prob_label,10000,CLIP+UMAP,20,100.0,25,0.5187,0.2588038065370607,2.087796310206956,0.1357996070557975,0.6705166752300366,False
408,CIFAR10-H,prob_label,10000,CLIP+UMAP,20,100.0,25,0.5492,0.24752306787350348,1.9047715467113342,0.1275097767322281,0.6292732769411924,False
409,CIFAR10-H,prob_label,10000,CLIP+UMAP,20,100.0,25,0.5267,0.25199922394925867,1.8625002204231824,0.13453630713129713,0.6637997344510009,False
410,CIFAR10-H,prob_label,10000,CLIP+UMAP,20,100.0,50,0.7092,0.23456693729982597,1.9743141713942953,0.11031708614561091,0.543953723264206,False
411,CIFAR10-H,prob_label,10000,CLIP+UMAP,20,100.0,50,0.6752,0.2364190477524443,2.046774427887097,0.11118384251491795,0.5485623607648367,False
412,CIFAR10-H,prob_label,10000,CLIP+UMAP,20,100.0,50,0.7536,0.21435509067916794,1.547806734353124,0.09672958488243708,0.475836225284383,False
413,CIFAR10-H,prob_label,10000,CLIP+UMAP,20,100.0,50,0.7135,0.22609945215055044,1.677144749078014,0.10603852533329305,0.5227805446408326,False
414,CIFAR10-H,prob_label,10000,CLIP+UMAP,20,100.0,50,0.6815,0.24095938033100478,2.1343692507749523,0.11323991962601047,0.5593022811077791,False
415,CIFAR10-H,prob_label,10000,CLIP+UMAP,20,100.0,100,0.7881,0.19876020679700768,1.7924918975130018,0.07259066786492295,0.3581215120117422,False
416,CIFAR10-H,prob_label,10000,CLIP+UMAP,20,100.0,100,0.7974,0.20066945543628406,1.7666037665146876,0.07756464737316829,0.3824123414984293,False
417,CIFAR10-H,prob_label,10000,CLIP+UMAP,20,100.0,100,0.7882,0.20399986501714315,1.8424678661804343,0.07919238172866513,0.39044594730233756,False
418,CIFAR10-H,prob_label,10000,CLIP+UMAP,20,100.0,100,0.8029,0.20043348577354894,1.7592202537799355,0.0743358420260016,0.365912741285035,False
419,CIFAR10-H,prob_label,10000,CLIP+UMAP,20,100.0,100,0.804,0.1998484439273996,1.656197477928787,0.0785650625347618,0.38638768278454577,False
420,CIFAR10-H,prob_label,10000,CLIP+UMAP,20,100.0,250,0.8093,0.17201228644163008,1.7297677018934496,0.05037683769266175,0.2481658425116912,False
421,CIFAR10-H,prob_label,10000,CLIP+UMAP,20,100.0,250,0.8399,0.1602739085896216,1.8111103357299776,0.04368705934647202,0.21571866708951043,False
422,CIFAR10-H,prob_label,10000,CLIP+UMAP,20,100.0,250,0.846,0.16116541042520932,1.7680108243176278,0.04383115957554186,0.21651012674978365,False
423,CIFAR10-H,prob_label,10000,CLIP+UMAP,20,100.0,250,0.8279,0.16441527640692796,1.7030974685358597,0.04723353195065624,0.2323152070874305,False
424,CIFAR10-H,prob_label,10000,CLIP+UMAP,20,100.0,250,0.805,0.1842145549854805,2.2235759878206562,0.05134501100589221,0.2539811713418699,False
425,CIFAR10-H,prob_label,10000,CLIP+UMAP,20,100.0,500,0.8469,0.1517082134512988,1.698263432695075,0.036700635149353275,0.1817944374237983,False
426,CIFAR10-H,prob_label,10000,CLIP+UMAP,20,100.0,500,0.853,0.15026378750473707,1.8859596763639885,0.03553113176361333,0.1757361018544972,False
427,CIFAR10-H,prob_label,10000,CLIP+UMAP,20,100.0,500,0.8596,0.14600207017116085,1.7202766958603832,0.03468702532741357,0.17163196220434435,False
428,CIFAR10-H,prob_label,10000,CLIP+UMAP,20,100.0,500,0.8667,0.14378240661578098,1.7064910513947915,0.03314943711079562,0.1641172370053646,False
429,CIFAR10-H,prob_label,10000,CLIP+UMAP,20,100.0,500,0.8489,0.1534585060117611,1.8762858995249334,0.03718871014903343,0.18407230731947677,False
430,CIFAR10-H,prob_label,10000,CLIP+UMAP,20,100.0,1000,0.8712,0.13858347033288826,1.7369353533110232,0.03070907454486837,0.15191336038436426,False
431,CIFAR10-H,prob_label,10000,CLIP+UMAP,20,100.0,1000,0.8627,0.1413732717759605,1.7354648674578854,0.03240371334426325,0.16018790860534948,False
432,CIFAR10-H,prob_label,10000,CLIP+UMAP,20,100.0,1000,0.8611,0.14397984984620332,1.6882194249258136,0.033357011210179574,0.16481951619024693,False
433,CIFAR10-H,prob_label,10000,CLIP+UMAP,20,100.0,1000,0.8579,0.14469823662429074,1.8055016364014054,0.033050749342660335,0.16372188788912523,False
434,CIFAR10-H,prob_label,10000,CLIP+UMAP,20,100.0,1000,0.8589,0.1445046020993575,1.7122503941554736,0.03339927330070336,0.16521732896943472,False
435,CIFAR10-H,prob_label,10000,CLIP+UMAP,20,100.0,5000,0.9105,0.11051283457790387,0.9659749883189274,0.02570040666695571,0.12588976191503426,False
436,CIFAR10-H,prob_label,10000,CLIP+UMAP,20,100.0,5000,0.9091,0.11074454526179056,0.9778466650871483,0.025310229191672723,0.12380700071327935,False
437,CIFAR10-H,prob_label,10000,CLIP+UMAP,20,100.0,5000,0.9113,0.10911533037180039,0.9481500103700732,0.025210461907346316,0.12313880641059462,False
438,CIFAR10-H,prob_label,10000,CLIP+UMAP,20,100.0,5000,0.9149,0.10708473494131428,0.92886653242154,0.024812941835265896,0.12118233207149517,False
439,CIFAR10-H,prob_label,10000,CLIP+UMAP,20,100.0,5000,0.9093,0.11077283853148387,1.009718596247156,0.024858052404027435,0.1218262109906203,False
440,CIFAR10-H,prob_label,10000,CLIP+UMAP,20,100.0,10000,0.9366,0.09014297724833656,0.6691833607994119,0.020903423629634425,0.10137762247028595,False
441,CIFAR10-H,prob_label,10000,CLIP+UMAP,20,100.0,10000,0.9337,0.09397146257573917,0.668082100183496,0.021931352374087106,0.10669631693674698,False
442,CIFAR10-H,prob_label,10000,CLIP+UMAP,20,100.0,10000,0.938,0.08934813818856792,0.6514861806888881,0.02080115366141816,0.10086563586903718,False
443,CIFAR10-H,prob_label,10000,CLIP+UMAP,20,100.0,10000,0.9358,0.09056875291451918,0.6910837545298798,0.021046905210098867,0.10189288017833607,False
444,CIFAR10-H,prob_label,10000,CLIP+UMAP,20,100.0,10000,0.9345,0.09204738553812533,0.6627101416675385,0.021748703002259145,0.10563295139439863,False
445,CIFAR10-H,prob_label,10000,CLIP+UMAP,20,100.0,100000,0.9758,0.05129894062309517,0.15942530238713395,0.01371422521518868,0.06510451587629797,False
446,CIFAR10-H,prob_label,10000,CLIP+UMAP,20,100.0,100000,0.9746,0.0515616960308141,0.16117485717716382,0.013654897462328184,0.06471770581712369,False
447,CIFAR10-H,prob_label,10000,CLIP+UMAP,20,100.0,100000,0.9757,0.051618340142855344,0.15703349369771158,0.013611037751308463,0.06445402036973552,False
448,CIFAR10-H,prob_label,10000,CLIP+UMAP,20,100.0,100000,0.9751,0.0516107796393165,0.15896112278863717,0.013648926656557456,0.06472694976522464,False
449,CIFAR10-H,prob_label,10000,CLIP+UMAP,20,100.0,100000,0.9752,0.051621770281704324,0.16125121213143406,0.013637837912219097,0.06468947984933605,False
450,CIFAR10-H,prob_label,10000,CLIP+UMAP,20,1000.0,10,0.114,0.2863248361782863,2.141700642551058,0.1719720655574248,0.8494632384662156,False
451,CIFAR10-H,prob_label,10000,CLIP+UMAP,20,1000.0,10,0.1204,0.2862892265536894,2.1401617823309067,0.17191210068696103,0.8490897480806665,False
452,CIFAR10-H,prob_label,10000,CLIP+UMAP,20,1000.0,10,0.1197,0.28638905242073476,2.138302752192862,0.17206656867984288,0.8498639423909866,False
453,CIFAR10-H,prob_label,10000,CLIP+UMAP,20,1000.0,10,0.126,0.28605757093165773,2.1394894863354557,0.17163285899797248,0.8478157926590775,False
454,CIFAR10-H,prob_label,10000,CLIP+UMAP,20,1000.0,10,0.1178,0.2865063449682409,2.1611931254338086,0.17185957876559116,0.8489623478888745,False
455,CIFAR10-H,prob_label,10000,CLIP+UMAP,20,1000.0,25,0.1349,0.28591280904098737,2.144403759587592,0.17125792751215038,0.8459189874151453,False
456,CIFAR10-H,prob_label,10000,CLIP+UMAP,20,1000.0,25,0.1376,0.28540465146334726,2.1333369756426706,0.17084630599214384,0.8438059936079746,False
457,CIFAR10-H,prob_label,10000,CLIP+UMAP,20,1000.0,25,0.1471,0.28433970312877055,2.117076917732811,0.16974309652883973,0.8382897265325131,False
458,CIFAR10-H,prob_label,10000,CLIP+UMAP,20,1000.0,25,0.15,0.2853067247585323,2.131626098903688,0.17070798753748023,0.8431201485060772,False
459,CIFAR10-H,prob_label,10000,CLIP+UMAP,20,1000.0,25,0.1534,0.2850352674983376,2.150993747379463,0.17022188428377147,0.8407156826204473,False
460,CIFAR10-H,prob_label,10000,CLIP+UMAP,20,1000.0,50,0.1979,0.2827715556331735,2.125900987927589,0.16751033872440593,0.8273012882927736,False
461,CIFAR10-H,prob_label,10000,CLIP+UMAP,20,1000.0,50,0.204,0.28051382623486554,2.0709382962336176,0.16535548552022278,0.8164372126977095,False
462,CIFAR10-H,prob_label,10000,CLIP+UMAP,20,1000.0,50,0.1813,0.28231001089258845,2.088449756814033,0.1675423788563908,0.8273194873123036,False
463,CIFAR10-H,prob_label,10000,CLIP+UMAP,20,1000.0,50,0.1981,0.28192862760802834,2.0884010084619313,0.1670875633439903,0.8251088164852705,False
464,CIFAR10-H,prob_label,10000,CLIP+UMAP,20,1000.0,50,0.2054,0.2815299978281034,2.089205608105316,0.16643144657840914,0.8218250984383573,False
465,CIFAR10-H,prob_label,10000,CLIP+UMAP,20,1000.0,100,0.276,0.2770137043471348,2.0591382946089487,0.1610942842356553,0.7954325907671358,False
466,CIFAR10-H,prob_label,10000,CLIP+UMAP,20,1000.0,100,0.2642,0.27784276885483894,2.043466994215566,0.16238548670738,0.8018209912202857,False
467,CIFAR10-H,prob_label,10000,CLIP+UMAP,20,1000.0,100,0.2524,0.278046143475356,2.0595260051918287,0.16258493733278825,0.8028433276058171,False
468,CIFAR10-H,prob_label,10000,CLIP+UMAP,20,1000.0,100,0.2687,0.2781422591661688,2.08654880753748,0.16205438623866078,0.8001073625078808,False
469,CIFAR10-H,prob_label,10000,CLIP+UMAP,20,1000.0,100,0.297,0.27604351551566453,2.024890377461093,0.16043927300710226,0.7922653476672082,False
470,CIFAR10-H,prob_label,10000,CLIP+UMAP,20,1000.0,250,0.4258,0.2682399057649424,2.0004823406343277,0.15075566586105632,0.7440194722093624,False
471,CIFAR10-H,prob_label,10000,CLIP+UMAP,20,1000.0,250,0.4264,0.26793263662080397,1.9992312765371514,0.15062040024809834,0.7436899581160087,False
472,CIFAR10-H,prob_label,10000,CLIP+UMAP,20,1000.0,250,0.4565,0.26440595281236756,1.9119222027446394,0.14763966117407296,0.7285230212304982,False
473,CIFAR10-H,prob_label,10000,CLIP+UMAP,20,1000.0,250,0.4309,0.2675763494559171,2.0115789978403535,0.14986372369869638,0.7398124976453432,False
474,CIFAR10-H,prob_label,10000,CLIP+UMAP,20,1000.0,250,0.4574,0.26548657201126785,1.9817854963836292,0.14761529586645497,0.7285228885515621,False
475,CIFAR10-H,prob_label,10000,CLIP+UMAP,20,1000.0,500,0.5835,0.2505050039121407,1.8792763292553945,0.13130371659167417,0.648045871166667,False
476,CIFAR10-H,prob_label,10000,CLIP+UMAP,20,1000.0,500,0.5952,0.2506910876714843,1.8497212718116076,0.1320506350009868,0.6513936837231092,False
477,CIFAR10-H,prob_label,10000,CLIP+UMAP,20,1000.0,500,0.6122,0.24861545597495088,1.8187580656337843,0.12954316574515637,0.638756793963544,False
478,CIFAR10-H,prob_label,10000,CLIP+UMAP,20,1000.0,500,0.6157,0.24812567575788372,1.8104304294043267,0.12953780244437366,0.638915105078236,False
479,CIFAR10-H,prob_label,10000,CLIP+UMAP,20,1000.0,500,0.5925,0.2506379882167442,1.8699693937193558,0.1316228553071342,0.6491001436753966,False
480,CIFAR10-H,prob_label,10000,CLIP+UMAP,20,1000.0,1000,0.7324,0.22696618543336927,1.7307400170126988,0.10713724602445765,0.5282534056370167,False
481,CIFAR10-H,prob_label,10000,CLIP+UMAP,20,1000.0,1000,0.7346,0.22519066026869372,1.6727943708064588,0.10651596444361275,0.5244374281011944,False
482,CIFAR10-H,prob_label,10000,CLIP+UMAP,20,1000.0,1000,0.7323,0.22912752277651877,1.7807480637287496,0.10924230000979314,0.538664727026501,False
483,CIFAR10-H,prob_label,10000,CLIP+UMAP,20,1000.0,1000,0.7375,0.22521950361750798,1.723466161662983,0.10584327706718497,0.5214636510097141,False
484,CIFAR10-H,prob_label,10000,CLIP+UMAP,20,1000.0,1000,0.7291,0.22420249581661772,1.6767430418308562,0.10556700468973543,0.5201239816631685,False
485,CIFAR10-H,prob_label,10000,CLIP+UMAP,20,1000.0,5000,0.8827,0.15213580431191992,1.4572374734756717,0.04571003535023462,0.225235565741324,False
486,CIFAR10-H,prob_label,10000,CLIP+UMAP,20,1000.0,5000,0.8858,0.14979821414978525,1.4085214567302824,0.04575630366482234,0.2250358273278137,False
487,CIFAR10-H,prob_label,10000,CLIP+UMAP,20,1000.0,5000,0.8906,0.14933745070138615,1.3962943170185371,0.04501450316186716,0.22171958263125124,False
488,CIFAR10-H,prob_label,10000,CLIP+UMAP,20,1000.0,5000,0.886,0.14895717254838206,1.409766436635608,0.044917237048840035,0.22125342942139792,False
489,CIFAR10-H,prob_label,10000,CLIP+UMAP,20,1000.0,5000,0.8846,0.14988746111263057,1.413266967883645,0.04522461775958423,0.222675144196496,False
490,CIFAR10-H,prob_label,10000,CLIP+UMAP,20,1000.0,10000,0.9251,0.1151259939066854,1.2067202296988901,0.02825582033331344,0.13918612748170994,False
491,CIFAR10-H,prob_label,10000,CLIP+UMAP,20,1000.0,10000,0.9242,0.11571186320225495,1.1959305723096647,0.028250412180091174,0.13900297402153358,False
492,CIFAR10-H,prob_label,10000,CLIP+UMAP,20,1000.0,10000,0.9239,0.11436895611479847,1.2208641151297004,0.027722992033868632,0.13668169715195722,False
493,CIFAR10-H,prob_label,10000,CLIP+UMAP,20,1000.0,10000,0.9245,0.11734047599838204,1.2535323002774992,0.028313817324718483,0.1398391737932471,False
494,CIFAR10-H,prob_label,10000,CLIP+UMAP,20,1000.0,10000,0.9302,0.11192278541965758,1.1935303767497505,0.026684670867326326,0.13163884202290968,False
495,CIFAR10-H,prob_label,10000,CLIP+UMAP,20,1000.0,100000,0.9912,0.029611765491549768,0.3945036836275681,0.008071760687856162,0.03862385340587438,False
496,CIFAR10-H,prob_label,10000,CLIP+UMAP,20,1000.0,100000,0.9921,0.02960183194706232,0.3845809150281846,0.007911248600507619,0.037831635769985016,False
497,CIFAR10-H,prob_label,10000,CLIP+UMAP,20,1000.0,100000,0.9908,0.03030842332302312,0.39406096890758674,0.008213789601249235,0.03936006542516557,False
498,CIFAR10-H,prob_label,10000,CLIP+UMAP,20,1000.0,100000,0.992,0.029946239434208967,0.38605094659652417,0.008124534015323561,0.03885162151023247,False
499,CIFAR10-H,prob_label,10000,CLIP+UMAP,20,1000.0,100000,0.9913,0.03012873415484721,0.38968641535260096,0.008121290219098938,0.03879409787599847,False
500,CIFAR10-H,prob_label,10000,CLIP+UMAP,20,10000.0,10,0.1028,0.28702437749529663,2.1504920359639264,0.17279633807880854,0.8535442489112512,False
501,CIFAR10-H,prob_label,10000,CLIP+UMAP,20,10000.0,10,0.1013,0.28702427795741825,2.1474108537402308,0.17280579880112304,0.853596462025089,False
502,CIFAR10-H,prob_label,10000,CLIP+UMAP,20,10000.0,10,0.1019,0.28701204393866714,2.146343636704406,0.17279825436664267,0.8535238771075767,False
503,CIFAR10-H,prob_label,10000,CLIP+UMAP,20,10000.0,10,0.1017,0.28698954358316514,2.146021395467631,0.17277351897621915,0.8534035847708499,False
504,CIFAR10-H,prob_label,10000,CLIP+UMAP,20,10000.0,10,0.1015,0.2870753280309081,2.1502483061396593,0.1728505565321993,0.8538083110131797,False
505,CIFAR10-H,prob_label,10000,CLIP+UMAP,20,10000.0,25,0.1049,0.2867504244872586,2.14605543312045,0.17246628521288473,0.8519203090881532,False
506,CIFAR10-H,prob_label,10000,CLIP+UMAP,20,10000.0,25,0.1048,0.28676091165517426,2.1484388858906973,0.17248601203224972,0.852001355924972,False
507,CIFAR10-H,prob_label,10000,CLIP+UMAP,20,10000.0,25,0.1053,0.28663918556219087,2.1436547024199637,0.17235923346627033,0.8513659407359971,False
508,CIFAR10-H,prob_label,10000,CLIP+UMAP,20,10000.0,25,0.1049,0.28675618522667085,2.1453167795168526,0.17249680047886912,0.8520179080847536,False
509,CIFAR10-H,prob_label,10000,CLIP+UMAP,20,10000.0,25,0.1036,0.2868166519865072,2.14872618729581,0.17254418172216185,0.8522740744239132,False
510,CIFAR10-H,prob_label,10000,CLIP+UMAP,20,10000.0,50,0.1098,0.2862446071009162,2.141359097945052,0.1719072549871032,0.8491521802311578,False
511,CIFAR10-H,prob_label,10000,CLIP+UMAP,20,10000.0,50,0.1074,0.28640041791634074,2.1476546236969347,0.17204429034490662,0.8497964574554561,False
512,CIFAR10-H,prob_label,10000,CLIP+UMAP,20,10000.0,50,0.1068,0.2865128945305813,2.1488396819192634,0.1721295568073021,0.8502468809540138,False
513,CIFAR10-H,prob_label,10000,CLIP+UMAP,20,10000.0,50,0.1096,0.2862721611711808,2.13915889236376,0.17192595438048677,0.8491554809840912,False
514,CIFAR10-H,prob_label,10000,CLIP+UMAP,20,10000.0,50,0.1088,0.28626455573334697,2.1410133611395628,0.17193299030083403,0.8492541415075888,False
515,CIFAR10-H,prob_label,10000,CLIP+UMAP,20,10000.0,100,0.117,0.2856209322068076,2.140472965588656,0.17113109889717104,0.8452759017635637,False
516,CIFAR10-H,prob_label,10000,CLIP+UMAP,20,10000.0,100,0.1197,0.2852893093257511,2.13959938217825,0.17072181870398143,0.843252680008329,False
517,CIFAR10-H,prob_label,10000,CLIP+UMAP,20,10000.0,100,0.1185,0.2854914182276659,2.140982340081216,0.17097941205866518,0.8444808811528297,False
518,CIFAR10-H,prob_label,10000,CLIP+UMAP,20,10000.0,100,0.116,0.2856780453258885,2.1457492055323897,0.17118381457526327,0.8456594098448815,False
519,CIFAR10-H,prob_label,10000,CLIP+UMAP,20,10000.0,100,0.1199,0.28517300874925205,2.132904238529928,0.1706447231348228,0.8428292612053978,False
520,CIFAR10-H,prob_label,10000,CLIP+UMAP,20,10000.0,250,0.1432,0.2824988161169668,2.121655211093763,0.16743705546405535,0.8270646090476986,False
521,CIFAR10-H,prob_label,10000,CLIP+UMAP,20,10000.0,250,0.144,0.28275188659248157,2.129725219487832,0.16769235254285594,0.8283699545569696,False
522,CIFAR10-H,prob_label,10000,CLIP+UMAP,20,10000.0,250,0.1466,0.2825057931410366,2.1094865274859482,0.16758704733366905,0.8276386396497317,False
523,CIFAR10-H,prob_label,10000,CLIP+UMAP,20,10000.0,250,0.1399,0.2830450860901207,2.1281456162071923,0.16810001324386786,0.8303815597870821,False
524,CIFAR10-H,prob_label,10000,CLIP+UMAP,20,10000.0,250,0.1401,0.28315203098596486,2.1250679599258815,0.16819733781854482,0.8306966005151672,False
525,CIFAR10-H,prob_label,10000,CLIP+UMAP,20,10000.0,500,0.1749,0.2792590208767106,2.11185390516394,0.1634779502926215,0.8074640123508793,False
526,CIFAR10-H,prob_label,10000,CLIP+UMAP,20,10000.0,500,0.177,0.2792357757600696,2.124052078518071,0.16340218216440505,0.807189109672808,False
527,CIFAR10-H,prob_label,10000,CLIP+UMAP,20,10000.0,500,0.1795,0.27866664997064,2.093345384685288,0.16286701951873292,0.8042028156011591,False
528,CIFAR10-H,prob_label,10000,CLIP+UMAP,20,10000.0,500,0.1749,0.279384211770047,2.1195909589552833,0.16355147870576944,0.8078720684046093,False
529,CIFAR10-H,prob_label,10000,CLIP+UMAP,20,10000.0,500,0.1794,0.2786688041219459,2.0835475905648693,0.1631074767150931,0.8053888503623248,False
530,CIFAR10-H,prob_label,10000,CLIP+UMAP,20,10000.0,1000,0.2445,0.2712567630060665,2.0765481120354643,0.15427902542714855,0.7621961796855041,False
531,CIFAR10-H,prob_label,10000,CLIP+UMAP,20,10000.0,1000,0.2408,0.2718966068025588,2.1048852734716204,0.15491306775284808,0.765437394463384,False
532,CIFAR10-H,prob_label,10000,CLIP+UMAP,20,10000.0,1000,0.2386,0.27181349529310406,2.0782484419434804,0.15508491170284355,0.7660952959915732,False
533,CIFAR10-H,prob_label,10000,CLIP+UMAP,20,10000.0,1000,0.2421,0.2716136139818046,2.0807871630759744,0.15474134732647676,0.7642819069999222,False
534,CIFAR10-H,prob_label,10000,CLIP+UMAP,20,10000.0,1000,0.2347,0.271937750158806,2.0847142970878485,0.1550192279524349,0.7656480477072497,False
535,CIFAR10-H,prob_label,10000,CLIP+UMAP,20,10000.0,5000,0.5508,0.22189972159915702,1.8414179806056825,0.10367602103986047,0.5124008430317514,False
536,CIFAR10-H,prob_label,10000,CLIP+UMAP,20,10000.0,5000,0.5443,0.22198987057015293,1.8443308279145105,0.10379976229765561,0.5126102339585329,False
537,CIFAR10-H,prob_label,10000,CLIP+UMAP,20,10000.0,5000,0.5482,0.2218786295880782,1.8588079574517868,0.10368346317468476,0.512389519256462,False
538,CIFAR10-H,prob_label,10000,CLIP+UMAP,20,10000.0,5000,0.5465,0.22202615730941017,1.8627396522015875,0.10361361317842241,0.511752612256753,False
539,CIFAR10-H,prob_label,10000,CLIP+UMAP,20,10000.0,5000,0.5472,0.22207674772456984,1.8550267207149351,0.10384236738470587,0.5133435870243593,False
540,CIFAR10-H,prob_label,10000,CLIP+UMAP,20,10000.0,10000,0.7359,0.17556728881475486,1.5731988534678802,0.06627184603965172,0.3271594472906788,False
541,CIFAR10-H,prob_label,10000,CLIP+UMAP,20,10000.0,10000,0.7389,0.17555031458959372,1.5799066189824322,0.06613700026604649,0.32653536835201136,False
542,CIFAR10-H,prob_label,10000,CLIP+UMAP,20,10000.0,10000,0.7305,0.17785856716540555,1.6334714501889218,0.06743782981409396,0.33324875079373206,False
543,CIFAR10-H,prob_label,10000,CLIP+UMAP,20,10000.0,10000,0.7355,0.17599796587677552,1.6092442615864522,0.06629567954638227,0.32791019562929674,False
544,CIFAR10-H,prob_label,10000,CLIP+UMAP,20,10000.0,10000,0.7387,0.17506843488538654,1.5543991188333344,0.06620498881856879,0.32698763558991534,False
545,CIFAR10-H,prob_label,10000,CLIP+UMAP,20,10000.0,100000,0.9913,0.02869694105674093,0.4626275812508204,0.00775361260266315,0.037164446626834324,False
546,CIFAR10-H,prob_label,10000,CLIP+UMAP,20,10000.0,100000,0.9916,0.0285759521141712,0.46631765200008474,0.007744195124540526,0.037096042464329945,False
547,CIFAR10-H,prob_label,10000,CLIP+UMAP,20,10000.0,100000,0.9926,0.029166168404134257,0.47383468900713216,0.007869548905815264,0.03774505389360979,False
548,CIFAR10-H,prob_label,10000,CLIP+UMAP,20,10000.0,100000,0.9917,0.029464681562968015,0.477864730052997,0.00783939567022703,0.03762175404018309,False
549,CIFAR10-H,prob_label,10000,CLIP+UMAP,20,10000.0,100000,0.9924,0.029047641449814265,0.47333105135008763,0.00783147863484152,0.037590438793585396,False
550,CIFAR10-H,prob_label,10000,CLIP+UMAP,20,100000.0,10,0.1011,0.28704353669504673,2.148833232333386,0.17281769336775465,0.8536230721131415,False
551,CIFAR10-H,prob_label,10000,CLIP+UMAP,20,100000.0,10,0.1011,0.2870469136698247,2.1481371073133197,0.17282437771386672,0.8536629020069673,False
552,CIFAR10-H,prob_label,10000,CLIP+UMAP,20,100000.0,10,0.1011,0.28702973366236817,2.146930534261768,0.17281803308092428,0.8536247706789946,False
553,CIFAR10-H,prob_label,10000,CLIP+UMAP,20,100000.0,10,0.1012,0.28703882662274915,2.1475923263963064,0.17282088445081328,0.8536730275284348,False
554,CIFAR10-H,prob_label,10000,CLIP+UMAP,20,100000.0,10,0.1012,0.287025990541791,2.1466672047356425,0.17281353718747555,0.8536039774862638,False
555,CIFAR10-H,prob_label,10000,CLIP+UMAP,20,100000.0,25,0.1024,0.28685560313455777,2.1479302309504122,0.17259770212142594,0.8525624366361823,False
556,CIFAR10-H,prob_label,10000,CLIP+UMAP,20,100000.0,25,0.1024,0.28686262461385376,2.1486066879063612,0.17259777906966067,0.8525890547297944,False
557,CIFAR10-H,prob_label,10000,CLIP+UMAP,20,100000.0,25,0.1024,0.28684807231648113,2.14723935105345,0.17259216430480118,0.8525332864474664,False
558,CIFAR10-H,prob_label,10000,CLIP+UMAP,20,100000.0,25,0.102,0.28692764159737216,2.1531375932678727,0.1726367318339193,0.8527511271890167,False
559,CIFAR10-H,prob_label,10000,CLIP+UMAP,20,100000.0,25,0.1028,0.2868580274249829,2.148589752641751,0.1726056790322714,0.8526304906317375,False
560,CIFAR10-H,prob_label,10000,CLIP+UMAP,20,100000.0,50,0.1048,0.28656960332040615,2.147893263955721,0.17224684506755655,0.8508958400825695,False
561,CIFAR10-H,prob_label,10000,CLIP+UMAP,20,100000.0,50,0.1051,0.2864837824791843,2.143828208480074,0.1721713411227465,0.8504210755939388,False
562,CIFAR10-H,prob_label,10000,CLIP+UMAP,20,100000.0,50,0.1048,0.28649604003121637,2.144669757882241,0.17218623574660463,0.8505653632851711,False
563,CIFAR10-H,prob_label,10000,CLIP+UMAP,20,100000.0,50,0.1046,0.2864838648352362,2.14352689556902,0.17216706106195107,0.850391126270342,False
564,CIFAR10-H,prob_label,10000,CLIP+UMAP,20,100000.0,50,0.1048,0.286501785674015,2.1459793203864233,0.17217851963808709,0.850480053650973,False
565,CIFAR10-H,prob_label,10000,CLIP+UMAP,20,100000.0,100,0.1083,0.285942018310894,2.149125143261434,0.17146079766106584,0.8470227016246825,False
566,CIFAR10-H,prob_label,10000,CLIP+UMAP,20,100000.0,100,0.1097,0.28576572752174073,2.1372144648255635,0.17134375471312913,0.846337927859497,False
567,CIFAR10-H,prob_label,10000,CLIP+UMAP,20,100000.0,100,0.1096,0.2857958135588764,2.140663367526873,0.17134188678607618,0.8462453031412608,False
568,CIFAR10-H,prob_label,10000,CLIP+UMAP,20,100000.0,100,0.109,0.28586377136946567,2.1442227948232255,0.17139601149455774,0.8466409298576509,False
569,CIFAR10-H,prob_label,10000,CLIP+UMAP,20,100000.0,100,0.1094,0.2859089908242216,2.1482164110303796,0.17141611426888131,0.8467045965010873,False
570,CIFAR10-H,prob_label,10000,CLIP+UMAP,20,100000.0,250,0.1218,0.28391627426013893,2.138140839245588,0.16908687359148267,0.8352346133232739,False
571,CIFAR10-H,prob_label,10000,CLIP+UMAP,20,100000.0,250,0.1226,0.2837976424703684,2.1339111690197883,0.1689652024910531,0.8346444955656938,False
572,CIFAR10-H,prob_label,10000,CLIP+UMAP,20,100000.0,250,0.1223,0.283833884965259,2.1343134042743577,0.1689760754395983,0.8346165187247551,False
573,CIFAR10-H,prob_label,10000,CLIP+UMAP,20,100000.0,250,0.1211,0.28400507734247504,2.1444583315543517,0.16909977080536082,0.8353122452349642,False
574,CIFAR10-H,prob_label,10000,CLIP+UMAP,20,100000.0,250,0.1219,0.28385692397555295,2.137391350896586,0.16899382485135722,0.8348686181456884,False
575,CIFAR10-H,prob_label,10000,CLIP+UMAP,20,100000.0,500,0.1432,0.2804288954168935,2.1077761453944963,0.1650727490429505,0.8153077016814335,False
576,CIFAR10-H,prob_label,10000,CLIP+UMAP,20,100000.0,500,0.1426,0.2809594417395377,2.149050533796786,0.16541127268356978,0.81749105937093,False
577,CIFAR10-H,prob_label,10000,CLIP+UMAP,20,100000.0,500,0.1429,0.280617255392401,2.127314817913564,0.1651209086361633,0.8154498283528339,False
578,CIFAR10-H,prob_label,10000,CLIP+UMAP,20,100000.0,500,0.1435,0.2806782891347608,2.131793007165176,0.16518881703039312,0.8162340352041644,False
579,CIFAR10-H,prob_label,10000,CLIP+UMAP,20,100000.0,500,0.1427,0.28062591463016084,2.1208407193356984,0.16521335674194565,0.816157337038571,False
580,CIFAR10-H,prob_label,10000,CLIP+UMAP,20,100000.0,1000,0.1832,0.2741712915588238,2.101236985272415,0.15765696991798694,0.7787327060883549,False
581,CIFAR10-H,prob_label,10000,CLIP+UMAP,20,100000.0,1000,0.1839,0.2742964914766831,2.109790456502852,0.15771007945551835,0.7792746220887213,False
582,CIFAR10-H,prob_label,10000,CLIP+UMAP,20,100000.0,1000,0.1844,0.2742166651312652,2.103464497659603,0.15770014585447464,0.7790289581838089,False
583,CIFAR10-H,prob_label,10000,CLIP+UMAP,20,100000.0,1000,0.1814,0.27493626890270817,2.1399805474165126,0.15825575515827622,0.7819677950344225,False
584,CIFAR10-H,prob_label,10000,CLIP+UMAP,20,100000.0,1000,0.1854,0.2743552365326109,2.1208495815983714,0.1577298249623781,0.7793590228145076,False
585,CIFAR10-H,prob_label,10000,CLIP+UMAP,20,100000.0,5000,0.4442,0.2286351477964958,1.908651113745509,0.1099189142339114,0.5433219311166692,False
586,CIFAR10-H,prob_label,10000,CLIP+UMAP,20,100000.0,5000,0.4438,0.2289889253373038,1.9345724171386296,0.11011802312417643,0.5446091128305417,False
587,CIFAR10-H,prob_label,10000,CLIP+UMAP,20,100000.0,5000,0.44,0.22951564629451165,1.9443429114281259,0.11044751927725276,0.5460949545380417,False
588,CIFAR10-H,prob_label,10000,CLIP+UMAP,20,100000.0,5000,0.442,0.22883350098233035,1.9193955881278275,0.11000839075468853,0.5434829767909725,False
589,CIFAR10-H,prob_label,10000,CLIP+UMAP,20,100000.0,5000,0.4398,0.22966734429779323,1.9191399181894107,0.1109353428272873,0.548418551144459,False
590,CIFAR10-H,prob_label,10000,CLIP+UMAP,20,100000.0,10000,0.6454,0.185134180350089,1.6937054901541901,0.07284788920364113,0.3604550630373132,False
591,CIFAR10-H,prob_label,10000,CLIP+UMAP,20,100000.0,10000,0.6501,0.18432639694772507,1.6847234981257826,0.0723957638378795,0.3582834410690964,False
592,CIFAR10-H,prob_label,10000,CLIP+UMAP,20,100000.0,10000,0.6446,0.18407900355197557,1.6597882271866524,0.07237152571405893,0.35794825863294943,False
593,CIFAR10-H,prob_label,10000,CLIP+UMAP,20,100000.0,10000,0.6469,0.18451659748771712,1.688571899256399,0.07236596182149638,0.35800281715019383,False
594,CIFAR10-H,prob_label,10000,CLIP+UMAP,20,100000.0,10000,0.6471,0.18461354271875569,1.7012991562683724,0.07243519905794642,0.35806944403661156,False
595,CIFAR10-H,prob_label,10000,CLIP+UMAP,20,100000.0,100000,0.9932,0.028598241801313613,0.48279796487766835,0.007790384314064343,0.0373460055780395,False
596,CIFAR10-H,prob_label,10000,CLIP+UMAP,20,100000.0,100000,0.992,0.028295679910207157,0.47381745968308003,0.007652481720818288,0.03669362341835456,False
597,CIFAR10-H,prob_label,10000,CLIP+UMAP,20,100000.0,100000,0.9922,0.02936403789649063,0.4840505449109293,0.007865854315893418,0.037823568520946274,False
598,CIFAR10-H,prob_label,10000,CLIP+UMAP,20,100000.0,100000,0.9931,0.028167996038161724,0.46978541741394503,0.007652962661335282,0.03677088508573348,False
599,CIFAR10-H,prob_label,10000,CLIP+UMAP,20,100000.0,100000,0.9907,0.0287458278278472,0.4660142015788656,0.007736497045694372,0.0369683884316281,False
600,CIFAR10-H,prob_label,10000,CLIP+UMAP,20,1000000.0,10,0.101,0.28708741917744707,2.1509482546180707,0.17284885226734503,0.8537748666110964,False
601,CIFAR10-H,prob_label,10000,CLIP+UMAP,20,1000000.0,10,0.1013,0.2870168781603105,2.146066502229293,0.17280518783205637,0.8535565444346587,False
602,CIFAR10-H,prob_label,10000,CLIP+UMAP,20,1000000.0,10,0.1011,0.28706017115391946,2.14909245420274,0.17283843679758448,0.8537281738776715,False
603,CIFAR10-H,prob_label,10000,CLIP+UMAP,20,1000000.0,10,0.1013,0.2870275229271553,2.1467490902017876,0.17281596762077356,0.853610443378227,False
604,CIFAR10-H,prob_label,10000,CLIP+UMAP,20,1000000.0,10,0.101,0.2870408406662352,2.1477768041689558,0.17282631546801014,0.8536915943791108,False
605,CIFAR10-H,prob_label,10000,CLIP+UMAP,20,1000000.0,25,0.1022,0.28685725360989767,2.14815212405202,0.17260632052473102,0.8526059578979597,False
606,CIFAR10-H,prob_label,10000,CLIP+UMAP,20,1000000.0,25,0.1023,0.2868401708780415,2.1468754688595584,0.17258894028618954,0.85251569886216,False
607,CIFAR10-H,prob_label,10000,CLIP+UMAP,20,1000000.0,25,0.1022,0.2868425736010711,2.1467704276608246,0.1725751577400281,0.8524425478206493,False
608,CIFAR10-H,prob_label,10000,CLIP+UMAP,20,1000000.0,25,0.1022,0.2868184933457101,2.1452137896403554,0.17256711295419383,0.8524004008145365,False
609,CIFAR10-H,prob_label,10000,CLIP+UMAP,20,1000000.0,25,0.1028,0.2868069327393295,2.1444909805115984,0.17256151848461468,0.8523548643641007,False
610,CIFAR10-H,prob_label,10000,CLIP+UMAP,20,1000000.0,50,0.1048,0.28649217089713497,2.144077375496255,0.1721662616937086,0.8503810675890054,False
611,CIFAR10-H,prob_label,10000,CLIP+UMAP,20,1000000.0,50,0.1046,0.28648370572773724,2.1437256187100946,0.17217393161532785,0.8504726891212551,False
612,CIFAR10-H,prob_label,10000,CLIP+UMAP,20,1000000.0,50,0.105,0.2864934469642292,2.1443353648020462,0.17217947016113247,0.8504596317964089,False
613,CIFAR10-H,prob_label,10000,CLIP+UMAP,20,1000000.0,50,0.1041,0.28664989841044125,2.155673159019397,0.1722748996188445,0.850976290402499,False
614,CIFAR10-H,prob_label,10000,CLIP+UMAP,20,1000000.0,50,0.1048,0.2864913010622495,2.1443525539021393,0.17217233431359014,0.8504082455032349,False
615,CIFAR10-H,prob_label,10000,CLIP+UMAP,20,1000000.0,100,0.1093,0.2858653285449988,2.144187788625967,0.17141292752151496,0.8467154226432225,False
616,CIFAR10-H,prob_label,10000,CLIP+UMAP,20,1000000.0,100,0.1087,0.2859727263776598,2.152386374859782,0.17148745121731596,0.8471650400784277,False
617,CIFAR10-H,prob_label,10000,CLIP+UMAP,20,1000000.0,100,0.1085,0.28590660903769394,2.1472067238947465,0.17142647999924207,0.8467636625934049,False
618,CIFAR10-H,prob_label,10000,CLIP+UMAP,20,1000000.0,100,0.109,0.28578814963995247,2.138446444797892,0.1713438263280291,0.846279227110461,False
619,CIFAR10-H,prob_label,10000,CLIP+UMAP,20,1000000.0,100,0.1082,0.28591669824405513,2.147028404732255,0.1714317093388981,0.846840297135071,False
620,CIFAR10-H,prob_label,10000,CLIP+UMAP,20,1000000.0,250,0.1208,0.28390318551961286,2.1364594596047324,0.16904580661126392,0.8350661064640084,False
621,CIFAR10-H,prob_label,10000,CLIP+UMAP,20,1000000.0,250,0.1221,0.28368872218970054,2.1184567083465073,0.16894630456358106,0.8344378826381348,False
622,CIFAR10-H,prob_label,10000,CLIP+UMAP,20,1000000.0,250,0.1208,0.28388314837190515,2.1344608604852953,0.1690267940591773,0.8348272512875857,False
623,CIFAR10-H,prob_label,10000,CLIP+UMAP,20,1000000.0,250,0.1203,0.2840414762106917,2.1442171953316755,0.1691742276401531,0.8357849593665323,False
624,CIFAR10-H,prob_label,10000,CLIP+UMAP,20,1000000.0,250,0.1211,0.28412252879143624,2.151728455801555,0.16921443013473278,0.8359297057006255,False
625,CIFAR10-H,prob_label,10000,CLIP+UMAP,20,1000000.0,500,0.1425,0.28065819285415305,2.1233545627179753,0.16524722906040445,0.8163387992671471,False
626,CIFAR10-H,prob_label,10000,CLIP+UMAP,20,1000000.0,500,0.1413,0.28081474363990483,2.1308106282582653,0.1653705657231036,0.8169854928202958,False
627,CIFAR10-H,prob_label,10000,CLIP+UMAP,20,1000000.0,500,0.1421,0.2806672339945083,2.126719394477572,0.16523024914572498,0.8161506745845015,False
628,CIFAR10-H,prob_label,10000,CLIP+UMAP,20,1000000.0,500,0.1426,0.2809012109048272,2.1450630466369067,0.16530761977820554,0.8167248031258838,False
629,CIFAR10-H,prob_label,10000,CLIP+UMAP,20,1000000.0,500,0.1419,0.2805178454226448,2.1114681991333115,0.16514809697898097,0.8157426564605389,False
630,CIFAR10-H,prob_label,10000,CLIP+UMAP,20,1000000.0,1000,0.1833,0.2742419683892439,2.0880276997215375,0.1577947225540892,0.7792824566957315,False
631,CIFAR10-H,prob_label,10000,CLIP+UMAP,20,1000000.0,1000,0.1824,0.2747397726316445,2.1145844391403585,0.15826575785267974,0.7819241586550428,False
632,CIFAR10-H,prob_label,10000,CLIP+UMAP,20,1000000.0,1000,0.18,0.27461365933487414,2.111627050139029,0.15812474631313878,0.7809567080525678,False
633,CIFAR10-H,prob_label,10000,CLIP+UMAP,20,1000000.0,1000,0.1801,0.2748947138408019,2.140922074908063,0.15825225312872945,0.7821243662696786,False
634,CIFAR10-H,prob_label,10000,CLIP+UMAP,20,1000000.0,1000,0.1798,0.27487055519449466,2.1260929245466924,0.15826981969960174,0.7818781940388219,False
635,CIFAR10-H,prob_label,10000,CLIP+UMAP,20,1000000.0,5000,0.4365,0.22998419714309684,1.939315554782602,0.11105773615618508,0.5488100701028076,False
636,CIFAR10-H,prob_label,10000,CLIP+UMAP,20,1000000.0,5000,0.437,0.22939802107928467,1.9139428849361404,0.11059048460906884,0.5466893954172088,False
637,CIFAR10-H,prob_label,10000,CLIP+UMAP,20,1000000.0,5000,0.4373,0.22972128442032216,1.9402544683428864,0.1107456394811589,0.5474727804053645,False
638,CIFAR10-H,prob_label,10000,CLIP+UMAP,20,1000000.0,5000,0.4395,0.22922906068953003,1.9172246458263966,0.11047448711817118,0.5460122467413425,False
639,CIFAR10-H,prob_label,10000,CLIP+UMAP,20,1000000.0,5000,0.4365,0.22982242012644374,1.9355621918732664,0.11084227521955711,0.5477461871873359,False
640,CIFAR10-H,prob_label,10000,CLIP+UMAP,20,1000000.0,10000,0.6445,0.1833486340299167,1.6477585873435536,0.07191452421150067,0.3553169885977535,False
641,CIFAR10-H,prob_label,10000,CLIP+UMAP,20,1000000.0,10000,0.6424,0.18455692060896145,1.6472693402356118,0.07274236714754104,0.3597895742636371,False
642,CIFAR10-H,prob_label,10000,CLIP+UMAP,20,1000000.0,10000,0.6431,0.18448738796179903,1.7052615713236605,0.07225489117017769,0.3576235561247865,False
643,CIFAR10-H,prob_label,10000,CLIP+UMAP,20,1000000.0,10000,0.639,0.18499496874936525,1.6648054345993195,0.07308916902317278,0.36150652968159774,False
644,CIFAR10-H,prob_label,10000,CLIP+UMAP,20,1000000.0,10000,0.6403,0.18467520754650368,1.6517645829495713,0.07289395053274492,0.36029021721084553,False
645,CIFAR10-H,prob_label,10000,CLIP+UMAP,20,1000000.0,100000,0.9915,0.029119464581046285,0.4785258267666388,0.007863266219788468,0.037641331775592354,False
646,CIFAR10-H,prob_label,10000,CLIP+UMAP,20,1000000.0,100000,0.9925,0.027963514269387986,0.4766850361569308,0.007681466084846258,0.036730325931728564,False
647,CIFAR10-H,prob_label,10000,CLIP+UMAP,20,1000000.0,100000,0.9914,0.028980057886154507,0.4821372187292861,0.00783349830413259,0.0375525075782624,False
648,CIFAR10-H,prob_label,10000,CLIP+UMAP,20,1000000.0,100000,0.9901,0.02910832988878259,0.4791759020702206,0.0077996679223147165,0.037335289957651334,False
649,CIFAR10-H,prob_label,10000,CLIP+UMAP,20,1000000.0,100000,0.9908,0.028984188868485798,0.4764826516735922,0.007863160554791486,0.037726086375271806,False
