,dataset,prob_labels,n_data,dim_reduction_technique,dimension,metric,k,n_samples,Accuracy,RMSE,KL,MAE,TV
0,CIFAR10-H,prob_label,10000,CLIP+UMAP,20,euclidean,2,10,0.3767,0.2760702774768612,,0.12332117825016412,0.6064215249833076
1,CIFAR10-H,prob_label,10000,CLIP+UMAP,20,euclidean,2,10,0.1865,0.3063427143320763,,0.1432074819146585,0.7039548063552218
2,CIFAR10-H,prob_label,10000,CLIP+UMAP,20,euclidean,2,10,0.4735,0.24124151424138102,,0.11264911518348342,0.5504503091224278
3,CIFAR10-H,prob_label,10000,CLIP+UMAP,20,euclidean,2,10,0.3456,0.2742561987681228,,0.11358710979222278,0.5625310866663257
4,CIFAR10-H,prob_label,10000,CLIP+UMAP,20,euclidean,2,10,0.2898,0.2761982595491352,,0.12380790214501285,0.6073140008839547
5,CIFAR10-H,prob_label,10000,CLIP+UMAP,20,euclidean,2,25,0.5744,0.19155678598869486,,0.06950265694678251,0.34111340325975925
6,CIFAR10-H,prob_label,10000,CLIP+UMAP,20,euclidean,2,25,0.7332,0.17228010112154726,,0.05531023695905128,0.2726612775984782
7,CIFAR10-H,prob_label,10000,CLIP+UMAP,20,euclidean,2,25,0.8015,0.18681129575749084,,0.05657655925679095,0.2810577313430564
8,CIFAR10-H,prob_label,10000,CLIP+UMAP,20,euclidean,2,25,0.4633,0.2180771888523095,,0.08630576023291918,0.42842905492714517
9,CIFAR10-H,prob_label,10000,CLIP+UMAP,20,euclidean,2,25,0.7047,0.20081470794341136,,0.06561974391412272,0.3251323708277093
10,CIFAR10-H,prob_label,10000,CLIP+UMAP,20,euclidean,2,50,0.7411,0.15207368651248207,,0.04571690907749923,0.2252244293417848
11,CIFAR10-H,prob_label,10000,CLIP+UMAP,20,euclidean,2,50,0.8257,0.15545792854666796,,0.04253399507608084,0.2103192043172589
12,CIFAR10-H,prob_label,10000,CLIP+UMAP,20,euclidean,2,50,0.8015,0.1530107487943725,,0.04457549787103059,0.21931930814514716
13,CIFAR10-H,prob_label,10000,CLIP+UMAP,20,euclidean,2,50,0.7672,0.16469887426211216,,0.05104752268688687,0.24963366255355476
14,CIFAR10-H,prob_label,10000,CLIP+UMAP,20,euclidean,2,50,0.8785,0.15294642721191137,,0.04236682516854566,0.2101747339714208
15,CIFAR10-H,prob_label,10000,CLIP+UMAP,20,euclidean,2,100,0.8603,0.14833424967299902,,0.04141050364925343,0.20424808593609378
16,CIFAR10-H,prob_label,10000,CLIP+UMAP,20,euclidean,2,100,0.8647,0.1380699412835008,,0.03331770716410537,0.16263222487345505
17,CIFAR10-H,prob_label,10000,CLIP+UMAP,20,euclidean,2,100,0.8233,0.1486383453739456,,0.04030049585597918,0.1968894727666879
18,CIFAR10-H,prob_label,10000,CLIP+UMAP,20,euclidean,2,100,0.7922,0.15744252264689135,,0.046732818037391585,0.2297565069993274
19,CIFAR10-H,prob_label,10000,CLIP+UMAP,20,euclidean,2,100,0.8626,0.13996210854709107,,0.034809441358567,0.17043473234572237
20,CIFAR10-H,prob_label,10000,CLIP+UMAP,20,euclidean,2,250,0.8435,0.14172812144882643,,0.03630447581742906,0.17775192146934307
21,CIFAR10-H,prob_label,10000,CLIP+UMAP,20,euclidean,2,250,0.8397,0.13965055854238279,,0.03611004846956254,0.17713344586119045
22,CIFAR10-H,prob_label,10000,CLIP+UMAP,20,euclidean,2,250,0.8319,0.14196185146348445,,0.036875323020338704,0.18159137032156286
23,CIFAR10-H,prob_label,10000,CLIP+UMAP,20,euclidean,2,250,0.8418,0.1413154777324129,,0.03665629144021753,0.17944050943481069
24,CIFAR10-H,prob_label,10000,CLIP+UMAP,20,euclidean,2,250,0.8351,0.1355248290599929,,0.03294646010903256,0.16259736528883217
25,CIFAR10-H,prob_label,10000,CLIP+UMAP,20,euclidean,2,500,0.8539,0.13477491488199006,,0.03347358272522241,0.16438878410693364
26,CIFAR10-H,prob_label,10000,CLIP+UMAP,20,euclidean,2,500,0.846,0.13958931455245313,,0.03599041121927629,0.1767000906999606
27,CIFAR10-H,prob_label,10000,CLIP+UMAP,20,euclidean,2,500,0.8432,0.135107741282237,,0.03394217078857933,0.16671124770731932
28,CIFAR10-H,prob_label,10000,CLIP+UMAP,20,euclidean,2,500,0.832,0.13327243469957412,,0.033157610130213,0.16304038063649567
29,CIFAR10-H,prob_label,10000,CLIP+UMAP,20,euclidean,2,500,0.8418,0.13383829361790278,,0.033762008272757445,0.16576170206644786
30,CIFAR10-H,prob_label,10000,CLIP+UMAP,20,euclidean,2,1000,0.8617,0.1295485480074186,,0.031645844516682876,0.1552632668797881
31,CIFAR10-H,prob_label,10000,CLIP+UMAP,20,euclidean,2,1000,0.8476,0.1318416098816548,,0.03306903578821299,0.16260026930407542
32,CIFAR10-H,prob_label,10000,CLIP+UMAP,20,euclidean,2,1000,0.849,0.13318813146404168,,0.033445322981208433,0.1645799413804805
33,CIFAR10-H,prob_label,10000,CLIP+UMAP,20,euclidean,2,1000,0.8464,0.13049311575126427,,0.03235195469424321,0.15915556273758225
34,CIFAR10-H,prob_label,10000,CLIP+UMAP,20,euclidean,2,1000,0.8549,0.13344900933830345,,0.03314284907256761,0.16298600745049607
35,CIFAR10-H,prob_label,10000,CLIP+UMAP,20,euclidean,2,5000,0.8844,0.11475776316039973,,0.028035901584613075,0.1381806858784693
36,CIFAR10-H,prob_label,10000,CLIP+UMAP,20,euclidean,2,5000,0.882,0.11711881577582058,,0.02807845294156002,0.1383681078971924
37,CIFAR10-H,prob_label,10000,CLIP+UMAP,20,euclidean,2,5000,0.8874,0.11483147421061926,,0.027555658424249525,0.135327864540442
38,CIFAR10-H,prob_label,10000,CLIP+UMAP,20,euclidean,2,5000,0.8872,0.11501614164230214,,0.02770936074179961,0.1363248099440005
39,CIFAR10-H,prob_label,10000,CLIP+UMAP,20,euclidean,2,5000,0.8872,0.11389954065371859,,0.027521803688621494,0.13546567898390038
40,CIFAR10-H,prob_label,10000,CLIP+UMAP,20,euclidean,2,10000,0.9033,0.10440225805098938,,0.0250442647336446,0.12320462034621507
41,CIFAR10-H,prob_label,10000,CLIP+UMAP,20,euclidean,2,10000,0.9065,0.10384655449239902,,0.02521852060159111,0.12388742249920408
42,CIFAR10-H,prob_label,10000,CLIP+UMAP,20,euclidean,2,10000,0.907,0.10285297131401501,,0.024579360983206434,0.12087669893573323
43,CIFAR10-H,prob_label,10000,CLIP+UMAP,20,euclidean,2,10000,0.9037,0.10368124650178685,,0.025080283299608062,0.1235918334425241
44,CIFAR10-H,prob_label,10000,CLIP+UMAP,20,euclidean,2,10000,0.9017,0.10371323165484828,,0.024813573954784333,0.12210909533498364
45,CIFAR10-H,prob_label,10000,CLIP+UMAP,20,euclidean,2,100000,0.9406,0.0699169035957579,,0.016937405341605333,0.08225398887472227
46,CIFAR10-H,prob_label,10000,CLIP+UMAP,20,euclidean,2,100000,0.942,0.06953986786021656,,0.01694368048418355,0.0823125940306002
47,CIFAR10-H,prob_label,10000,CLIP+UMAP,20,euclidean,2,100000,0.9405,0.06963907099560007,,0.016875810089871515,0.08203106514578486
48,CIFAR10-H,prob_label,10000,CLIP+UMAP,20,euclidean,2,100000,0.9431,0.06948113013796145,,0.016888776910690042,0.08212410012563494
49,CIFAR10-H,prob_label,10000,CLIP+UMAP,20,euclidean,2,100000,0.9431,0.06939391822093163,,0.01681232248177153,0.08174359332433405
50,CIFAR10-H,prob_label,10000,CLIP+UMAP,20,euclidean,3,10,0.2871,0.30439977471482804,,0.13892034762830704,0.6816459583104965
51,CIFAR10-H,prob_label,10000,CLIP+UMAP,20,euclidean,3,10,0.2122,0.2980525856295738,,0.1454962424665754,0.716261268121271
52,CIFAR10-H,prob_label,10000,CLIP+UMAP,20,euclidean,3,10,0.2721,0.28811362190720946,,0.14174440206097635,0.6917076198413818
53,CIFAR10-H,prob_label,10000,CLIP+UMAP,20,euclidean,3,10,0.2841,0.28176618106276896,,0.14472693197071607,0.70500821201648
54,CIFAR10-H,prob_label,10000,CLIP+UMAP,20,euclidean,3,10,0.3824,0.26975673953037715,,0.13829755588887063,0.6738552526287506
55,CIFAR10-H,prob_label,10000,CLIP+UMAP,20,euclidean,3,25,0.5985,0.2184005964080363,,0.09325390191632885,0.45620195090134186
56,CIFAR10-H,prob_label,10000,CLIP+UMAP,20,euclidean,3,25,0.5841,0.21113910549963416,,0.07999403830843514,0.394853841499707
57,CIFAR10-H,prob_label,10000,CLIP+UMAP,20,euclidean,3,25,0.685,0.19588268390565017,,0.07670698720301766,0.3767674396673382
58,CIFAR10-H,prob_label,10000,CLIP+UMAP,20,euclidean,3,25,0.5933,0.21485513085538144,,0.07792477352972524,0.38604176552669095
59,CIFAR10-H,prob_label,10000,CLIP+UMAP,20,euclidean,3,25,0.3657,0.2589266878239386,,0.11807403687772719,0.5767523591960367
60,CIFAR10-H,prob_label,10000,CLIP+UMAP,20,euclidean,3,50,0.7712,0.15380343799752239,,0.05083540261125907,0.2472670740032373
61,CIFAR10-H,prob_label,10000,CLIP+UMAP,20,euclidean,3,50,0.7628,0.15499588311545714,,0.051900819622053854,0.2537742614920915
62,CIFAR10-H,prob_label,10000,CLIP+UMAP,20,euclidean,3,50,0.7702,0.17788874206551414,,0.05791678790966339,0.28403940799963723
63,CIFAR10-H,prob_label,10000,CLIP+UMAP,20,euclidean,3,50,0.7526,0.17243430666543538,,0.060492152893670895,0.29597043283276675
64,CIFAR10-H,prob_label,10000,CLIP+UMAP,20,euclidean,3,50,0.8319,0.1399621232160806,,0.04483511703640531,0.2183248815013164
65,CIFAR10-H,prob_label,10000,CLIP+UMAP,20,euclidean,3,100,0.8615,0.13309183013948056,,0.03679352053733258,0.17912060886429898
66,CIFAR10-H,prob_label,10000,CLIP+UMAP,20,euclidean,3,100,0.8467,0.1387679992547953,,0.03895730636459602,0.19130412927235624
67,CIFAR10-H,prob_label,10000,CLIP+UMAP,20,euclidean,3,100,0.8751,0.13378995541946953,,0.03877394944338995,0.18699777536786588
68,CIFAR10-H,prob_label,10000,CLIP+UMAP,20,euclidean,3,100,0.8663,0.1425134574695766,,0.04432104330126024,0.2154300805079897
69,CIFAR10-H,prob_label,10000,CLIP+UMAP,20,euclidean,3,100,0.847,0.14299219714867814,,0.04394054352035236,0.2147744263459558
70,CIFAR10-H,prob_label,10000,CLIP+UMAP,20,euclidean,3,250,0.8657,0.12939202897153554,,0.036371110986436424,0.177036059910332
71,CIFAR10-H,prob_label,10000,CLIP+UMAP,20,euclidean,3,250,0.8761,0.13564660377914514,,0.03959263230820263,0.19401769125089827
72,CIFAR10-H,prob_label,10000,CLIP+UMAP,20,euclidean,3,250,0.868,0.1336971483438409,,0.0385398470451684,0.18815776375889362
73,CIFAR10-H,prob_label,10000,CLIP+UMAP,20,euclidean,3,250,0.8481,0.13490632902941518,,0.03771465747453577,0.1835221657934663
74,CIFAR10-H,prob_label,10000,CLIP+UMAP,20,euclidean,3,250,0.8706,0.13441886426603447,,0.03767923797326561,0.1834955394624223
75,CIFAR10-H,prob_label,10000,CLIP+UMAP,20,euclidean,3,500,0.8704,0.13193726649896406,,0.0365905631413294,0.17833576210329224
76,CIFAR10-H,prob_label,10000,CLIP+UMAP,20,euclidean,3,500,0.8855,0.1257940942061763,,0.03312143522736671,0.1614957258012216
77,CIFAR10-H,prob_label,10000,CLIP+UMAP,20,euclidean,3,500,0.8827,0.12604390328114942,,0.03251314187555534,0.1584680419714521
78,CIFAR10-H,prob_label,10000,CLIP+UMAP,20,euclidean,3,500,0.8754,0.1280896620205714,,0.033141542438239656,0.16086817908946727
79,CIFAR10-H,prob_label,10000,CLIP+UMAP,20,euclidean,3,500,0.8687,0.1288034681187788,,0.03464718720637517,0.16833135745884248
80,CIFAR10-H,prob_label,10000,CLIP+UMAP,20,euclidean,3,1000,0.888,0.12098372557581646,,0.030917871547165094,0.15073921161605838
81,CIFAR10-H,prob_label,10000,CLIP+UMAP,20,euclidean,3,1000,0.8769,0.12731025581460592,,0.03516907043526034,0.1714214974669789
82,CIFAR10-H,prob_label,10000,CLIP+UMAP,20,euclidean,3,1000,0.8878,0.12389976422211361,,0.033011618210511254,0.16104227588769515
83,CIFAR10-H,prob_label,10000,CLIP+UMAP,20,euclidean,3,1000,0.8824,0.1245816460643262,,0.03258587868911718,0.15888212228626458
84,CIFAR10-H,prob_label,10000,CLIP+UMAP,20,euclidean,3,1000,0.876,0.12618701801308738,,0.034509407580255225,0.16858099937608825
85,CIFAR10-H,prob_label,10000,CLIP+UMAP,20,euclidean,3,5000,0.9012,0.11066101183413027,,0.02883577304917343,0.14055433947392845
86,CIFAR10-H,prob_label,10000,CLIP+UMAP,20,euclidean,3,5000,0.8964,0.11291607302199894,,0.02980458934037473,0.1451958494273636
87,CIFAR10-H,prob_label,10000,CLIP+UMAP,20,euclidean,3,5000,0.8989,0.11158444080594702,,0.029164029426946275,0.1419790378027491
88,CIFAR10-H,prob_label,10000,CLIP+UMAP,20,euclidean,3,5000,0.8968,0.10995861762211434,,0.02832876928218538,0.13804579331832886
89,CIFAR10-H,prob_label,10000,CLIP+UMAP,20,euclidean,3,5000,0.8996,0.11010503433596601,,0.02853096742266987,0.1390268155286946
90,CIFAR10-H,prob_label,10000,CLIP+UMAP,20,euclidean,3,10000,0.9092,0.10334021167837001,,0.026865979055020955,0.13080015983917628
91,CIFAR10-H,prob_label,10000,CLIP+UMAP,20,euclidean,3,10000,0.9132,0.09996532777238035,,0.025909753550526753,0.12588102794169453
92,CIFAR10-H,prob_label,10000,CLIP+UMAP,20,euclidean,3,10000,0.9073,0.10181726785350331,,0.02649917585851049,0.1288501955545194
93,CIFAR10-H,prob_label,10000,CLIP+UMAP,20,euclidean,3,10000,0.9108,0.10050370453154629,,0.025893911519800288,0.12605307710307287
94,CIFAR10-H,prob_label,10000,CLIP+UMAP,20,euclidean,3,10000,0.9127,0.10122325386622397,,0.02595494788460227,0.1262475209059427
95,CIFAR10-H,prob_label,10000,CLIP+UMAP,20,euclidean,3,100000,0.9336,0.07959772671319794,,0.020334431168997087,0.0983129841660548
96,CIFAR10-H,prob_label,10000,CLIP+UMAP,20,euclidean,3,100000,0.9316,0.07972442312761768,,0.02039169357302719,0.0986367988274928
97,CIFAR10-H,prob_label,10000,CLIP+UMAP,20,euclidean,3,100000,0.9325,0.07976010586720153,,0.020382524246783457,0.09841056764253817
98,CIFAR10-H,prob_label,10000,CLIP+UMAP,20,euclidean,3,100000,0.9314,0.0797310478565039,,0.020435595440665442,0.09880692840009092
99,CIFAR10-H,prob_label,10000,CLIP+UMAP,20,euclidean,3,100000,0.9326,0.07929000235843117,,0.020301057455835495,0.09791598428053132
100,CIFAR10-H,prob_label,10000,CLIP+UMAP,20,euclidean,5,10,0.1003,0.2873462897934611,,0.15625506688478655,0.7608891522950993
101,CIFAR10-H,prob_label,10000,CLIP+UMAP,20,euclidean,5,10,0.2028,0.2884667923370757,,0.15975958933339948,0.7809648679353779
102,CIFAR10-H,prob_label,10000,CLIP+UMAP,20,euclidean,5,10,0.0986,0.30315061725354175,,0.15865019355214247,0.7746266331094817
103,CIFAR10-H,prob_label,10000,CLIP+UMAP,20,euclidean,5,10,0.1,0.3117242168288575,,0.15966147697317068,0.778063863375455
104,CIFAR10-H,prob_label,10000,CLIP+UMAP,20,euclidean,5,10,0.1985,0.28505849623278695,,0.15558291841379726,0.7586971576269463
105,CIFAR10-H,prob_label,10000,CLIP+UMAP,20,euclidean,5,25,0.4589,0.24851126640612747,,0.1110344687361547,0.5444438674370553
106,CIFAR10-H,prob_label,10000,CLIP+UMAP,20,euclidean,5,25,0.416,0.24313265366393577,,0.1211570352317625,0.5914696160391967
107,CIFAR10-H,prob_label,10000,CLIP+UMAP,20,euclidean,5,25,0.6792,0.23073405630521396,,0.115115088986769,0.5605469104775315
108,CIFAR10-H,prob_label,10000,CLIP+UMAP,20,euclidean,5,25,0.4566,0.24900998196384694,,0.11341224733161445,0.5561627881296421
109,CIFAR10-H,prob_label,10000,CLIP+UMAP,20,euclidean,5,25,0.4647,0.2488794875156357,,0.11751092572385927,0.5748151798086857
110,CIFAR10-H,prob_label,10000,CLIP+UMAP,20,euclidean,5,50,0.8704,0.14936844417074535,,0.054692503075321176,0.26707767213846645
111,CIFAR10-H,prob_label,10000,CLIP+UMAP,20,euclidean,5,50,0.8661,0.15040427719996224,,0.0636684043822903,0.31172505897115377
112,CIFAR10-H,prob_label,10000,CLIP+UMAP,20,euclidean,5,50,0.5955,0.2035901856130927,,0.09209705336974551,0.44668697597093804
113,CIFAR10-H,prob_label,10000,CLIP+UMAP,20,euclidean,5,50,0.8317,0.15400303770582355,,0.061651878780610125,0.30169258700250956
114,CIFAR10-H,prob_label,10000,CLIP+UMAP,20,euclidean,5,50,0.6838,0.1975238188557522,,0.07819263976692822,0.38011821363304527
115,CIFAR10-H,prob_label,10000,CLIP+UMAP,20,euclidean,5,100,0.87,0.12672555391875276,,0.03882872546198726,0.1888241483981677
116,CIFAR10-H,prob_label,10000,CLIP+UMAP,20,euclidean,5,100,0.8433,0.13336238940060363,,0.04559885080479935,0.221336473268396
117,CIFAR10-H,prob_label,10000,CLIP+UMAP,20,euclidean,5,100,0.8778,0.13322544236183567,,0.044171636327341196,0.21301527635830936
118,CIFAR10-H,prob_label,10000,CLIP+UMAP,20,euclidean,5,100,0.8717,0.13074965196366395,,0.037999376392377736,0.1840364565390902
119,CIFAR10-H,prob_label,10000,CLIP+UMAP,20,euclidean,5,100,0.8885,0.1323090621499273,,0.040293428865584735,0.19734653138308617
120,CIFAR10-H,prob_label,10000,CLIP+UMAP,20,euclidean,5,250,0.8849,0.1207619361558383,,0.030805977105244166,0.15035536278373673
121,CIFAR10-H,prob_label,10000,CLIP+UMAP,20,euclidean,5,250,0.8752,0.12895024639807343,,0.037643512400606136,0.18251038419455992
122,CIFAR10-H,prob_label,10000,CLIP+UMAP,20,euclidean,5,250,0.8795,0.12322526242786094,,0.03511671317369833,0.16998602253629916
123,CIFAR10-H,prob_label,10000,CLIP+UMAP,20,euclidean,5,250,0.8856,0.12474462615758268,,0.03567160107765312,0.17318439483535059
124,CIFAR10-H,prob_label,10000,CLIP+UMAP,20,euclidean,5,250,0.8845,0.1227797860507095,,0.03671390709245635,0.17720795726818456
125,CIFAR10-H,prob_label,10000,CLIP+UMAP,20,euclidean,5,500,0.8807,0.12208445770070682,,0.03500749522238633,0.16900713709895046
126,CIFAR10-H,prob_label,10000,CLIP+UMAP,20,euclidean,5,500,0.8844,0.11807035509015121,,0.03225363176869197,0.1563431726151945
127,CIFAR10-H,prob_label,10000,CLIP+UMAP,20,euclidean,5,500,0.8887,0.12009038539662069,,0.0333149053207337,0.16146158628646817
128,CIFAR10-H,prob_label,10000,CLIP+UMAP,20,euclidean,5,500,0.8755,0.1252118128036938,,0.038126515642729765,0.1848746935345205
129,CIFAR10-H,prob_label,10000,CLIP+UMAP,20,euclidean,5,500,0.8902,0.11932648033761242,,0.03428918803933984,0.1666289465675166
130,CIFAR10-H,prob_label,10000,CLIP+UMAP,20,euclidean,5,1000,0.8868,0.11883536306702547,,0.03234644152317445,0.15643379827954088
131,CIFAR10-H,prob_label,10000,CLIP+UMAP,20,euclidean,5,1000,0.8903,0.11569913840996153,,0.031231431484621496,0.1508791452411759
132,CIFAR10-H,prob_label,10000,CLIP+UMAP,20,euclidean,5,1000,0.8901,0.11634838585633756,,0.03134739366476852,0.1517843640033905
133,CIFAR10-H,prob_label,10000,CLIP+UMAP,20,euclidean,5,1000,0.8801,0.11784075823035897,,0.03315896030209578,0.16046814249488914
134,CIFAR10-H,prob_label,10000,CLIP+UMAP,20,euclidean,5,1000,0.8914,0.11784897063772415,,0.031414255912232826,0.15218575149208713
135,CIFAR10-H,prob_label,10000,CLIP+UMAP,20,euclidean,5,5000,0.9065,0.10689246493700735,,0.02945261920084809,0.1423895745592088
136,CIFAR10-H,prob_label,10000,CLIP+UMAP,20,euclidean,5,5000,0.9033,0.1074829798348073,,0.029651722506703226,0.14340015492391334
137,CIFAR10-H,prob_label,10000,CLIP+UMAP,20,euclidean,5,5000,0.9043,0.10694877201300945,,0.02976543908080163,0.1438497147508184
138,CIFAR10-H,prob_label,10000,CLIP+UMAP,20,euclidean,5,5000,0.9083,0.10629394992035505,,0.028960564269012855,0.14018383493140912
139,CIFAR10-H,prob_label,10000,CLIP+UMAP,20,euclidean,5,5000,0.9089,0.10513929505098037,,0.028558291934987247,0.13834675553099088
140,CIFAR10-H,prob_label,10000,CLIP+UMAP,20,euclidean,5,10000,0.9079,0.10129538166202953,,0.027492738298398905,0.13292147231027973
141,CIFAR10-H,prob_label,10000,CLIP+UMAP,20,euclidean,5,10000,0.9096,0.10024308158900656,,0.026718897503130574,0.12906295744362975
142,CIFAR10-H,prob_label,10000,CLIP+UMAP,20,euclidean,5,10000,0.9125,0.10057332003827617,,0.027124894087525588,0.1311737646930507
143,CIFAR10-H,prob_label,10000,CLIP+UMAP,20,euclidean,5,10000,0.9147,0.09964854350955107,,0.026883045862466683,0.12996708524941095
144,CIFAR10-H,prob_label,10000,CLIP+UMAP,20,euclidean,5,10000,0.9102,0.10172299188163207,,0.02741816551022478,0.13260578706590764
145,CIFAR10-H,prob_label,10000,CLIP+UMAP,20,euclidean,5,100000,0.9223,0.08697128972800419,,0.02312037135066263,0.11099022424613893
146,CIFAR10-H,prob_label,10000,CLIP+UMAP,20,euclidean,5,100000,0.923,0.08680874818054324,,0.023125340761985323,0.11102085342791872
147,CIFAR10-H,prob_label,10000,CLIP+UMAP,20,euclidean,5,100000,0.9244,0.08690617867787716,,0.02318305393525154,0.11118369089353855
148,CIFAR10-H,prob_label,10000,CLIP+UMAP,20,euclidean,5,100000,0.9237,0.08702735715379048,,0.023126205426463684,0.11104592245839578
149,CIFAR10-H,prob_label,10000,CLIP+UMAP,20,euclidean,5,100000,0.9235,0.08687343521189658,,0.023246270997999967,0.1115075176744841
150,CIFAR10-H,prob_label,10000,CLIP+UMAP,20,euclidean,7,10,0.1003,0.3085340870226866,,0.16764965707680984,0.8148285093207184
151,CIFAR10-H,prob_label,10000,CLIP+UMAP,20,euclidean,7,10,0.1003,0.29693740868689433,,0.16702974555093572,0.8127222287366631
152,CIFAR10-H,prob_label,10000,CLIP+UMAP,20,euclidean,7,10,0.2005,0.2860188965085133,,0.165226208949193,0.8121045713982372
153,CIFAR10-H,prob_label,10000,CLIP+UMAP,20,euclidean,7,10,0.0981,0.3156892549498468,,0.16895499283241527,0.8230262707193531
154,CIFAR10-H,prob_label,10000,CLIP+UMAP,20,euclidean,7,10,0.1015,0.29867052218549084,,0.16725640829727995,0.8151240012219166
155,CIFAR10-H,prob_label,10000,CLIP+UMAP,20,euclidean,7,25,0.3811,0.2620419578160877,,0.13569813511209122,0.6659180548101016
156,CIFAR10-H,prob_label,10000,CLIP+UMAP,20,euclidean,7,25,0.3095,0.2605676517038512,,0.1289353224311947,0.6305430424588531
157,CIFAR10-H,prob_label,10000,CLIP+UMAP,20,euclidean,7,25,0.1985,0.2630619533760513,,0.13331317805120807,0.6517873188223315
158,CIFAR10-H,prob_label,10000,CLIP+UMAP,20,euclidean,7,25,0.4532,0.2476941612756499,,0.12859969092958054,0.6294030386507232
159,CIFAR10-H,prob_label,10000,CLIP+UMAP,20,euclidean,7,25,0.3832,0.24792083188242833,,0.12609774675226026,0.6147762836959537
160,CIFAR10-H,prob_label,10000,CLIP+UMAP,20,euclidean,7,50,0.6783,0.18406449373196382,,0.08063809090721219,0.3917859915115333
161,CIFAR10-H,prob_label,10000,CLIP+UMAP,20,euclidean,7,50,0.6384,0.1990459897480101,,0.08640442642271341,0.42241556075489095
162,CIFAR10-H,prob_label,10000,CLIP+UMAP,20,euclidean,7,50,0.6342,0.18802849590059062,,0.08502345599964256,0.4157641805356636
163,CIFAR10-H,prob_label,10000,CLIP+UMAP,20,euclidean,7,50,0.6672,0.1854634895387641,,0.08112416469302855,0.39811810713909107
164,CIFAR10-H,prob_label,10000,CLIP+UMAP,20,euclidean,7,50,0.6279,0.18912299435208246,,0.08663967982315757,0.4226951538282449
165,CIFAR10-H,prob_label,10000,CLIP+UMAP,20,euclidean,7,100,0.8784,0.12734889224132667,,0.04053438794831833,0.19592579463487186
166,CIFAR10-H,prob_label,10000,CLIP+UMAP,20,euclidean,7,100,0.8739,0.12953219264081206,,0.04746306536773985,0.22871018802159387
167,CIFAR10-H,prob_label,10000,CLIP+UMAP,20,euclidean,7,100,0.872,0.1273397085756019,,0.04468048669739256,0.21680382987581456
168,CIFAR10-H,prob_label,10000,CLIP+UMAP,20,euclidean,7,100,0.8696,0.14055282559026455,,0.055188079741994536,0.265548851157578
169,CIFAR10-H,prob_label,10000,CLIP+UMAP,20,euclidean,7,100,0.866,0.1275982537490044,,0.04282045251497308,0.2077422391044892
170,CIFAR10-H,prob_label,10000,CLIP+UMAP,20,euclidean,7,250,0.8834,0.12434452280880004,,0.035750572384070346,0.17334874725229152
171,CIFAR10-H,prob_label,10000,CLIP+UMAP,20,euclidean,7,250,0.8849,0.11873706928837582,,0.03386797023498041,0.16345918250915575
172,CIFAR10-H,prob_label,10000,CLIP+UMAP,20,euclidean,7,250,0.8847,0.11950514709424713,,0.03537533645899034,0.16989264489869366
173,CIFAR10-H,prob_label,10000,CLIP+UMAP,20,euclidean,7,250,0.8806,0.12316416822460537,,0.03738454671612741,0.1808605239909044
174,CIFAR10-H,prob_label,10000,CLIP+UMAP,20,euclidean,7,250,0.8878,0.1218944158291212,,0.03560316575999795,0.17271018740129415
175,CIFAR10-H,prob_label,10000,CLIP+UMAP,20,euclidean,7,500,0.8864,0.11806499053671451,,0.03437732909609556,0.16621875568456854
176,CIFAR10-H,prob_label,10000,CLIP+UMAP,20,euclidean,7,500,0.8873,0.11642833911442392,,0.033482127935019854,0.16197272062531243
177,CIFAR10-H,prob_label,10000,CLIP+UMAP,20,euclidean,7,500,0.8886,0.11692465599045747,,0.03430442391967975,0.16550262870490895
178,CIFAR10-H,prob_label,10000,CLIP+UMAP,20,euclidean,7,500,0.8906,0.12017243016282235,,0.03571493968146881,0.1716243407782527
179,CIFAR10-H,prob_label,10000,CLIP+UMAP,20,euclidean,7,500,0.8872,0.11871884589123038,,0.03487591946924613,0.1679590830417547
180,CIFAR10-H,prob_label,10000,CLIP+UMAP,20,euclidean,7,1000,0.8892,0.11587058970944593,,0.03242533284414645,0.15650546962385303
181,CIFAR10-H,prob_label,10000,CLIP+UMAP,20,euclidean,7,1000,0.8873,0.11747432130787727,,0.033694638604217265,0.1624869097742168
182,CIFAR10-H,prob_label,10000,CLIP+UMAP,20,euclidean,7,1000,0.8904,0.11534843264445072,,0.032966303935921384,0.15900475197910324
183,CIFAR10-H,prob_label,10000,CLIP+UMAP,20,euclidean,7,1000,0.8941,0.11437314695383254,,0.032560007123332756,0.15725665575012154
184,CIFAR10-H,prob_label,10000,CLIP+UMAP,20,euclidean,7,1000,0.8954,0.11420503757674802,,0.03241463780341637,0.15661017952230377
185,CIFAR10-H,prob_label,10000,CLIP+UMAP,20,euclidean,7,5000,0.9081,0.10526556350646517,,0.02903795208796815,0.1401900001433242
186,CIFAR10-H,prob_label,10000,CLIP+UMAP,20,euclidean,7,5000,0.9079,0.10566484524393005,,0.029409156438797,0.1419881022978078
187,CIFAR10-H,prob_label,10000,CLIP+UMAP,20,euclidean,7,5000,0.9056,0.10661340079638823,,0.03013271974485069,0.14543656429637852
188,CIFAR10-H,prob_label,10000,CLIP+UMAP,20,euclidean,7,5000,0.9064,0.10587770733702621,,0.029471471165141983,0.141813058537441
189,CIFAR10-H,prob_label,10000,CLIP+UMAP,20,euclidean,7,5000,0.9068,0.1054913127181742,,0.029389334282562636,0.14192829155580694
190,CIFAR10-H,prob_label,10000,CLIP+UMAP,20,euclidean,7,10000,0.9125,0.10042103743174835,,0.02813254341900918,0.13535503784625855
191,CIFAR10-H,prob_label,10000,CLIP+UMAP,20,euclidean,7,10000,0.9124,0.10040868300489499,,0.027590267241337767,0.13279239123809208
192,CIFAR10-H,prob_label,10000,CLIP+UMAP,20,euclidean,7,10000,0.9137,0.09898503954143792,,0.027298680012635933,0.13152793801767093
193,CIFAR10-H,prob_label,10000,CLIP+UMAP,20,euclidean,7,10000,0.9121,0.10048810960155738,,0.027394523994986392,0.13205194949619437
194,CIFAR10-H,prob_label,10000,CLIP+UMAP,20,euclidean,7,10000,0.9125,0.09980628437992015,,0.02729368219927931,0.13148155659961103
195,CIFAR10-H,prob_label,10000,CLIP+UMAP,20,euclidean,7,100000,0.9204,0.08993143004430675,,0.0244154405807187,0.11696643161209257
196,CIFAR10-H,prob_label,10000,CLIP+UMAP,20,euclidean,7,100000,0.9209,0.08998117095086014,,0.024429746197116436,0.11708855898716942
197,CIFAR10-H,prob_label,10000,CLIP+UMAP,20,euclidean,7,100000,0.92,0.08998460717064599,,0.024453964562255275,0.11717864694615293
198,CIFAR10-H,prob_label,10000,CLIP+UMAP,20,euclidean,7,100000,0.9212,0.09002579200299463,,0.02426943934311831,0.11620898753228773
199,CIFAR10-H,prob_label,10000,CLIP+UMAP,20,euclidean,7,100000,0.9209,0.08995466973707214,,0.024403006881597657,0.11698303640779682
200,CIFAR10-H,prob_label,10000,CLIP+UMAP,20,euclidean,10,10,0.0998,0.31427206214920783,,0.17601179191349853,0.8558121871237461
201,CIFAR10-H,prob_label,10000,CLIP+UMAP,20,euclidean,10,10,0.0999,0.3067082945527524,,0.17462927706458237,0.8551410098120832
202,CIFAR10-H,prob_label,10000,CLIP+UMAP,20,euclidean,10,10,0.0998,0.31002121474844174,,0.17662983016764996,0.8552873121432389
203,CIFAR10-H,prob_label,10000,CLIP+UMAP,20,euclidean,10,10,0.0995,0.30050388910242154,,0.17488906515313052,0.8545536729054662
204,CIFAR10-H,prob_label,10000,CLIP+UMAP,20,euclidean,10,10,0.1003,0.3004477915845987,,0.17516348147396538,0.8546915707536362
205,CIFAR10-H,prob_label,10000,CLIP+UMAP,20,euclidean,10,25,0.1902,0.2887280937777372,,0.14820205655894264,0.7275931866940969
206,CIFAR10-H,prob_label,10000,CLIP+UMAP,20,euclidean,10,25,0.3475,0.2744838247041522,,0.1496612707530044,0.7304897016411828
207,CIFAR10-H,prob_label,10000,CLIP+UMAP,20,euclidean,10,25,0.284,0.27007725465415044,,0.14715822784429933,0.7225575782917751
208,CIFAR10-H,prob_label,10000,CLIP+UMAP,20,euclidean,10,25,0.2197,0.2684422861855035,,0.14829453969233958,0.7254408140909231
209,CIFAR10-H,prob_label,10000,CLIP+UMAP,20,euclidean,10,25,0.3392,0.25906937370606775,,0.14461019083161633,0.7132690598794
210,CIFAR10-H,prob_label,10000,CLIP+UMAP,20,euclidean,10,50,0.5501,0.22979574586703116,,0.10819947451971737,0.5288812639227068
211,CIFAR10-H,prob_label,10000,CLIP+UMAP,20,euclidean,10,50,0.5706,0.21018668739673946,,0.10163796880265115,0.49605068706948824
212,CIFAR10-H,prob_label,10000,CLIP+UMAP,20,euclidean,10,50,0.616,0.21336698899948336,,0.10527926041198396,0.512643902262079
213,CIFAR10-H,prob_label,10000,CLIP+UMAP,20,euclidean,10,50,0.731,0.20502747497530344,,0.1035176162470138,0.5073224731737411
214,CIFAR10-H,prob_label,10000,CLIP+UMAP,20,euclidean,10,50,0.598,0.227026223946429,,0.11007905666438436,0.5375546121584449
215,CIFAR10-H,prob_label,10000,CLIP+UMAP,20,euclidean,10,100,0.7761,0.15344717256034354,,0.055420013560832114,0.2696314603160718
216,CIFAR10-H,prob_label,10000,CLIP+UMAP,20,euclidean,10,100,0.7977,0.14499545367403466,,0.06176741201237825,0.30285679612133976
217,CIFAR10-H,prob_label,10000,CLIP+UMAP,20,euclidean,10,100,0.8664,0.14318211790491706,,0.05307963133929687,0.25724975816553225
218,CIFAR10-H,prob_label,10000,CLIP+UMAP,20,euclidean,10,100,0.8234,0.14219059534608716,,0.05804268444650993,0.28137284340670377
219,CIFAR10-H,prob_label,10000,CLIP+UMAP,20,euclidean,10,100,0.8781,0.14755697441492815,,0.059694835637281195,0.29062517911093794
220,CIFAR10-H,prob_label,10000,CLIP+UMAP,20,euclidean,10,250,0.8826,0.12021234477027103,,0.0383004134553532,0.1845029443505367
221,CIFAR10-H,prob_label,10000,CLIP+UMAP,20,euclidean,10,250,0.8804,0.11930235315281004,,0.03573784207166814,0.1722685941353352
222,CIFAR10-H,prob_label,10000,CLIP+UMAP,20,euclidean,10,250,0.8843,0.11755588915835122,,0.03420839893372757,0.16484648893145198
223,CIFAR10-H,prob_label,10000,CLIP+UMAP,20,euclidean,10,250,0.8849,0.1175901796203584,,0.0368486050217328,0.17826675878337134
224,CIFAR10-H,prob_label,10000,CLIP+UMAP,20,euclidean,10,250,0.8827,0.12141570792783399,,0.035588105725289094,0.1713709692117043
225,CIFAR10-H,prob_label,10000,CLIP+UMAP,20,euclidean,10,500,0.886,0.1166586740955617,,0.03507599803286418,0.16901187478676571
226,CIFAR10-H,prob_label,10000,CLIP+UMAP,20,euclidean,10,500,0.8865,0.11639821975706251,,0.036150754586266744,0.1742533096306383
227,CIFAR10-H,prob_label,10000,CLIP+UMAP,20,euclidean,10,500,0.8922,0.11361569269196711,,0.031967805648354136,0.1542267178265326
228,CIFAR10-H,prob_label,10000,CLIP+UMAP,20,euclidean,10,500,0.8867,0.1151655365144471,,0.03286288604384714,0.1575476301452075
229,CIFAR10-H,prob_label,10000,CLIP+UMAP,20,euclidean,10,500,0.8913,0.11580390008862815,,0.03324508122073184,0.16018301957431091
230,CIFAR10-H,prob_label,10000,CLIP+UMAP,20,euclidean,10,1000,0.8923,0.1147785721254432,,0.03238296336195694,0.156227229969161
231,CIFAR10-H,prob_label,10000,CLIP+UMAP,20,euclidean,10,1000,0.8928,0.11333711172101826,,0.031322524714149834,0.1510916802914982
232,CIFAR10-H,prob_label,10000,CLIP+UMAP,20,euclidean,10,1000,0.8975,0.11291254318798098,,0.0320440913952348,0.1552030038160842
233,CIFAR10-H,prob_label,10000,CLIP+UMAP,20,euclidean,10,1000,0.8898,0.11259467365733747,,0.031428709293246135,0.15149393280296003
234,CIFAR10-H,prob_label,10000,CLIP+UMAP,20,euclidean,10,1000,0.8918,0.11427042823253605,,0.03201717805762276,0.15480461260110515
235,CIFAR10-H,prob_label,10000,CLIP+UMAP,20,euclidean,10,5000,0.9056,0.10464289938590154,,0.029697040177157973,0.14277764022464734
236,CIFAR10-H,prob_label,10000,CLIP+UMAP,20,euclidean,10,5000,0.9066,0.10499406966522436,,0.03015628537254384,0.14485860679105755
237,CIFAR10-H,prob_label,10000,CLIP+UMAP,20,euclidean,10,5000,0.9057,0.10529432208441494,,0.030035181559009843,0.14511609484974183
238,CIFAR10-H,prob_label,10000,CLIP+UMAP,20,euclidean,10,5000,0.9066,0.10469630508637673,,0.028937858683326306,0.1392878845530558
239,CIFAR10-H,prob_label,10000,CLIP+UMAP,20,euclidean,10,5000,0.907,0.10440082963824457,,0.02864065398851361,0.13778498006479373
240,CIFAR10-H,prob_label,10000,CLIP+UMAP,20,euclidean,10,10000,0.9089,0.10142798312148296,,0.028075179898666508,0.13496208482980102
241,CIFAR10-H,prob_label,10000,CLIP+UMAP,20,euclidean,10,10000,0.9113,0.10125325466122406,,0.02846139893643281,0.13670721662684004
242,CIFAR10-H,prob_label,10000,CLIP+UMAP,20,euclidean,10,10000,0.9089,0.10105675038568014,,0.02830067271872147,0.13586971978846032
243,CIFAR10-H,prob_label,10000,CLIP+UMAP,20,euclidean,10,10000,0.9117,0.10098956171255369,,0.028367924795552814,0.13630206496424055
244,CIFAR10-H,prob_label,10000,CLIP+UMAP,20,euclidean,10,10000,0.9107,0.10095609881628238,,0.02802110465120537,0.1345012046733277
245,CIFAR10-H,prob_label,10000,CLIP+UMAP,20,euclidean,10,100000,0.918,0.09306822398520978,,0.025582501565259503,0.12254246107402851
246,CIFAR10-H,prob_label,10000,CLIP+UMAP,20,euclidean,10,100000,0.9195,0.09295178722208462,,0.025322755675330006,0.1212428198660841
247,CIFAR10-H,prob_label,10000,CLIP+UMAP,20,euclidean,10,100000,0.9182,0.09272180921688947,,0.025322426667586596,0.12121833983281574
248,CIFAR10-H,prob_label,10000,CLIP+UMAP,20,euclidean,10,100000,0.919,0.09298861754810939,,0.025414825053508006,0.12165827522790584
249,CIFAR10-H,prob_label,10000,CLIP+UMAP,20,euclidean,10,100000,0.9177,0.09296973704943312,,0.02530397507334304,0.12113647322679828
250,CIFAR10-H,prob_label,10000,CLIP+UMAP,20,euclidean,15,10,,,,,
251,CIFAR10-H,prob_label,10000,CLIP+UMAP,20,euclidean,15,10,,,,,
252,CIFAR10-H,prob_label,10000,CLIP+UMAP,20,euclidean,15,10,,,,,
253,CIFAR10-H,prob_label,10000,CLIP+UMAP,20,euclidean,15,10,,,,,
254,CIFAR10-H,prob_label,10000,CLIP+UMAP,20,euclidean,15,10,,,,,
255,CIFAR10-H,prob_label,10000,CLIP+UMAP,20,euclidean,15,25,0.1987,0.27583464760557436,,0.1597619312432787,0.7893656753444451
256,CIFAR10-H,prob_label,10000,CLIP+UMAP,20,euclidean,15,25,0.1391,0.2911973408804814,,0.16132907817088243,0.790930871120062
257,CIFAR10-H,prob_label,10000,CLIP+UMAP,20,euclidean,15,25,0.1005,0.28594283007789884,,0.16079903293495515,0.7912991119373292
258,CIFAR10-H,prob_label,10000,CLIP+UMAP,20,euclidean,15,25,0.2033,0.27916944307603636,,0.15998688501743588,0.7896501165251604
259,CIFAR10-H,prob_label,10000,CLIP+UMAP,20,euclidean,15,25,0.1978,0.2859960758552218,,0.1614363886662501,0.7960599356526412
260,CIFAR10-H,prob_label,10000,CLIP+UMAP,20,euclidean,15,50,0.3903,0.24710160031803396,,0.1299537180140904,0.6412825874131971
261,CIFAR10-H,prob_label,10000,CLIP+UMAP,20,euclidean,15,50,0.4061,0.24928355334737526,,0.131900063721627,0.6475064322333611
262,CIFAR10-H,prob_label,10000,CLIP+UMAP,20,euclidean,15,50,0.2209,0.26586750759279487,,0.13364435149781737,0.6545743939648688
263,CIFAR10-H,prob_label,10000,CLIP+UMAP,20,euclidean,15,50,0.4643,0.2509010813918444,,0.13352110970777745,0.6563297372435354
264,CIFAR10-H,prob_label,10000,CLIP+UMAP,20,euclidean,15,50,0.3904,0.24241234890083496,,0.13216458579531093,0.6509088230286221
265,CIFAR10-H,prob_label,10000,CLIP+UMAP,20,euclidean,15,100,0.7567,0.17908627006523253,,0.08047935625996779,0.3919129775747365
266,CIFAR10-H,prob_label,10000,CLIP+UMAP,20,euclidean,15,100,0.7144,0.19472673836098556,,0.09109422118911704,0.4437180166407283
267,CIFAR10-H,prob_label,10000,CLIP+UMAP,20,euclidean,15,100,0.748,0.19650089731160317,,0.09216233821706801,0.45164066686056775
268,CIFAR10-H,prob_label,10000,CLIP+UMAP,20,euclidean,15,100,0.753,0.18886418415808154,,0.08791434424695893,0.4274608115971032
269,CIFAR10-H,prob_label,10000,CLIP+UMAP,20,euclidean,15,100,0.6382,0.1875512372458501,,0.08409208119300611,0.41032306693348847
270,CIFAR10-H,prob_label,10000,CLIP+UMAP,20,euclidean,15,250,0.877,0.11814201021605175,,0.03807633678387439,0.18389608928803555
271,CIFAR10-H,prob_label,10000,CLIP+UMAP,20,euclidean,15,250,0.8794,0.11987224479997254,,0.041265143630890566,0.19719936510993394
272,CIFAR10-H,prob_label,10000,CLIP+UMAP,20,euclidean,15,250,0.8859,0.11800601180081538,,0.03394776316671106,0.16448680195850096
273,CIFAR10-H,prob_label,10000,CLIP+UMAP,20,euclidean,15,250,0.8791,0.12077615790107876,,0.03617937175460463,0.17436528540910493
274,CIFAR10-H,prob_label,10000,CLIP+UMAP,20,euclidean,15,250,0.8784,0.12008349326570622,,0.03509573450591872,0.1698380563896237
275,CIFAR10-H,prob_label,10000,CLIP+UMAP,20,euclidean,15,500,0.8856,0.11496749628912048,,0.03356904632474571,0.1619395652056191
276,CIFAR10-H,prob_label,10000,CLIP+UMAP,20,euclidean,15,500,0.8833,0.1175098883991568,,0.03518927132759928,0.1702255177972258
277,CIFAR10-H,prob_label,10000,CLIP+UMAP,20,euclidean,15,500,0.8853,0.11581807150087056,,0.03559026050370072,0.17108216973277807
278,CIFAR10-H,prob_label,10000,CLIP+UMAP,20,euclidean,15,500,0.8806,0.1165104391736268,,0.03573717451586994,0.1723784687203532
279,CIFAR10-H,prob_label,10000,CLIP+UMAP,20,euclidean,15,500,0.8893,0.11409948128957889,,0.0340175944511763,0.1640323750663193
280,CIFAR10-H,prob_label,10000,CLIP+UMAP,20,euclidean,15,1000,0.8913,0.11287810152557434,,0.033397340499876936,0.1613836460298066
281,CIFAR10-H,prob_label,10000,CLIP+UMAP,20,euclidean,15,1000,0.8912,0.11369488196553382,,0.033520108510195316,0.16120940388384503
282,CIFAR10-H,prob_label,10000,CLIP+UMAP,20,euclidean,15,1000,0.8923,0.11213404164103494,,0.03206576925380423,0.15450904669691504
283,CIFAR10-H,prob_label,10000,CLIP+UMAP,20,euclidean,15,1000,0.8935,0.11188312816282522,,0.03260873907647031,0.1570662498623585
284,CIFAR10-H,prob_label,10000,CLIP+UMAP,20,euclidean,15,1000,0.8906,0.11286594274196338,,0.03156466041608807,0.15174536333232005
285,CIFAR10-H,prob_label,10000,CLIP+UMAP,20,euclidean,15,5000,0.9008,0.1061183454206323,,0.03015348406272874,0.14491740659107633
286,CIFAR10-H,prob_label,10000,CLIP+UMAP,20,euclidean,15,5000,0.9057,0.10548179582707048,,0.030960431692959884,0.14898540553562342
287,CIFAR10-H,prob_label,10000,CLIP+UMAP,20,euclidean,15,5000,0.9018,0.10549430813456709,,0.02987497700339616,0.14346791307904133
288,CIFAR10-H,prob_label,10000,CLIP+UMAP,20,euclidean,15,5000,0.9039,0.10515535043282705,,0.029956326895485035,0.1440071339602631
289,CIFAR10-H,prob_label,10000,CLIP+UMAP,20,euclidean,15,5000,0.9031,0.10586890441519223,,0.03038330438875946,0.1459967652546265
290,CIFAR10-H,prob_label,10000,CLIP+UMAP,20,euclidean,15,10000,0.9083,0.10200170282695872,,0.028847626146806925,0.13815950248142844
291,CIFAR10-H,prob_label,10000,CLIP+UMAP,20,euclidean,15,10000,0.9089,0.10107516718498151,,0.028681659335364845,0.13753755477107812
292,CIFAR10-H,prob_label,10000,CLIP+UMAP,20,euclidean,15,10000,0.9073,0.10175523174045051,,0.028916153839227098,0.1387808077877191
293,CIFAR10-H,prob_label,10000,CLIP+UMAP,20,euclidean,15,10000,0.9086,0.1012899104630028,,0.02866264411458134,0.13754069689008933
294,CIFAR10-H,prob_label,10000,CLIP+UMAP,20,euclidean,15,10000,0.9096,0.10167051015182031,,0.028468099976101113,0.13666830399536706
295,CIFAR10-H,prob_label,10000,CLIP+UMAP,20,euclidean,15,100000,0.9144,0.09593886226832804,,0.026633058214600613,0.12771057566039482
296,CIFAR10-H,prob_label,10000,CLIP+UMAP,20,euclidean,15,100000,0.9149,0.09588888668264804,,0.026604870859202368,0.1274751117964963
297,CIFAR10-H,prob_label,10000,CLIP+UMAP,20,euclidean,15,100000,0.915,0.0959994871512699,,0.02653331241245207,0.1272340096920676
298,CIFAR10-H,prob_label,10000,CLIP+UMAP,20,euclidean,15,100000,0.915,0.09584153324142798,,0.02652339985554974,0.12715561927985158
299,CIFAR10-H,prob_label,10000,CLIP+UMAP,20,euclidean,15,100000,0.9138,0.09604594112056003,,0.0266533614694821,0.1276560556453587
300,CIFAR10-H,prob_label,10000,CLIP+UMAP,20,euclidean,20,10,,,,,
301,CIFAR10-H,prob_label,10000,CLIP+UMAP,20,euclidean,20,10,,,,,
302,CIFAR10-H,prob_label,10000,CLIP+UMAP,20,euclidean,20,10,,,,,
303,CIFAR10-H,prob_label,10000,CLIP+UMAP,20,euclidean,20,10,,,,,
304,CIFAR10-H,prob_label,10000,CLIP+UMAP,20,euclidean,20,10,,,,,
305,CIFAR10-H,prob_label,10000,CLIP+UMAP,20,euclidean,20,25,0.0994,0.2881371064482738,,0.16923865802125554,0.8300614496221146
306,CIFAR10-H,prob_label,10000,CLIP+UMAP,20,euclidean,20,25,0.1158,0.3037435590430597,,0.16938051574505247,0.8311307191166672
307,CIFAR10-H,prob_label,10000,CLIP+UMAP,20,euclidean,20,25,0.1004,0.28564664552298114,,0.16790205492340327,0.8297317285964538
308,CIFAR10-H,prob_label,10000,CLIP+UMAP,20,euclidean,20,25,0.1003,0.29058999344855957,,0.16983414443221884,0.8345406545213382
309,CIFAR10-H,prob_label,10000,CLIP+UMAP,20,euclidean,20,25,0.0983,0.2922783714783085,,0.16931188602836322,0.8304950840954025
310,CIFAR10-H,prob_label,10000,CLIP+UMAP,20,euclidean,20,50,0.1993,0.26538178001263685,,0.1467760965477508,0.7228562707236491
311,CIFAR10-H,prob_label,10000,CLIP+UMAP,20,euclidean,20,50,0.4205,0.25995627271607474,,0.14480061308987194,0.7128751795331082
312,CIFAR10-H,prob_label,10000,CLIP+UMAP,20,euclidean,20,50,0.3092,0.26180329880886677,,0.14656388186688757,0.7223448339980217
313,CIFAR10-H,prob_label,10000,CLIP+UMAP,20,euclidean,20,50,0.2733,0.26046384982730686,,0.14493596165105732,0.7157279555211109
314,CIFAR10-H,prob_label,10000,CLIP+UMAP,20,euclidean,20,50,0.357,0.26229913311969927,,0.145737903446497,0.7184542414704077
315,CIFAR10-H,prob_label,10000,CLIP+UMAP,20,euclidean,20,100,0.6747,0.21042183195113337,,0.10395744371287045,0.508302466099753
316,CIFAR10-H,prob_label,10000,CLIP+UMAP,20,euclidean,20,100,0.61,0.21363432308380567,,0.10454352578210777,0.5122990361490128
317,CIFAR10-H,prob_label,10000,CLIP+UMAP,20,euclidean,20,100,0.6029,0.2165077305418872,,0.10405123684252063,0.5086237204016781
318,CIFAR10-H,prob_label,10000,CLIP+UMAP,20,euclidean,20,100,0.4574,0.21825617795307392,,0.10549981100328858,0.519481209599314
319,CIFAR10-H,prob_label,10000,CLIP+UMAP,20,euclidean,20,100,0.5702,0.21608394632289799,,0.10771316605527859,0.5298039390233911
320,CIFAR10-H,prob_label,10000,CLIP+UMAP,20,euclidean,20,250,0.8853,0.12037352333355708,,0.041047234524858534,0.1992240443869002
321,CIFAR10-H,prob_label,10000,CLIP+UMAP,20,euclidean,20,250,0.8826,0.12163504353428478,,0.043738989764946,0.2107678840243129
322,CIFAR10-H,prob_label,10000,CLIP+UMAP,20,euclidean,20,250,0.8726,0.1263689424235471,,0.043979767254739496,0.21221234548367324
323,CIFAR10-H,prob_label,10000,CLIP+UMAP,20,euclidean,20,250,0.8708,0.1371777498379087,,0.05119995698941922,0.24871409230269637
324,CIFAR10-H,prob_label,10000,CLIP+UMAP,20,euclidean,20,250,0.8761,0.12348554438842847,,0.043172397211401224,0.20685900926159662
325,CIFAR10-H,prob_label,10000,CLIP+UMAP,20,euclidean,20,500,0.8906,0.11582790673293704,,0.03495584053301578,0.16850993697883904
326,CIFAR10-H,prob_label,10000,CLIP+UMAP,20,euclidean,20,500,0.8842,0.1152888109884557,,0.03508698050152793,0.16927573743401253
327,CIFAR10-H,prob_label,10000,CLIP+UMAP,20,euclidean,20,500,0.8863,0.11520166483508135,,0.03711070830748113,0.1787285256525212
328,CIFAR10-H,prob_label,10000,CLIP+UMAP,20,euclidean,20,500,0.8858,0.1152695966227438,,0.035060635237913015,0.16842352502627925
329,CIFAR10-H,prob_label,10000,CLIP+UMAP,20,euclidean,20,500,0.8879,0.1147910583037228,,0.034973775640666706,0.168278321825784
330,CIFAR10-H,prob_label,10000,CLIP+UMAP,20,euclidean,20,1000,0.8888,0.11298064787271415,,0.033615756784048365,0.16171657190426245
331,CIFAR10-H,prob_label,10000,CLIP+UMAP,20,euclidean,20,1000,0.8872,0.11272055163131053,,0.031992076138454215,0.15384269049643673
332,CIFAR10-H,prob_label,10000,CLIP+UMAP,20,euclidean,20,1000,0.8894,0.11259228844902709,,0.03341216169990634,0.161416815525829
333,CIFAR10-H,prob_label,10000,CLIP+UMAP,20,euclidean,20,1000,0.89,0.1124060721619086,,0.03269065258707702,0.1576089978999199
334,CIFAR10-H,prob_label,10000,CLIP+UMAP,20,euclidean,20,1000,0.8901,0.1122594037435114,,0.031550684815112924,0.1520135088197363
335,CIFAR10-H,prob_label,10000,CLIP+UMAP,20,euclidean,20,5000,0.902,0.10544911681621023,,0.030122089248162454,0.14481417704363989
336,CIFAR10-H,prob_label,10000,CLIP+UMAP,20,euclidean,20,5000,0.8983,0.10630946515383291,,0.030926577210841764,0.14861773096524988
337,CIFAR10-H,prob_label,10000,CLIP+UMAP,20,euclidean,20,5000,0.9033,0.10523975093057258,,0.03042377548802177,0.14603703191823666
338,CIFAR10-H,prob_label,10000,CLIP+UMAP,20,euclidean,20,5000,0.9013,0.10584159924935863,,0.030562202493862517,0.14693898391751004
339,CIFAR10-H,prob_label,10000,CLIP+UMAP,20,euclidean,20,5000,0.9017,0.10568603096037507,,0.030199842754055167,0.1450643618558882
340,CIFAR10-H,prob_label,10000,CLIP+UMAP,20,euclidean,20,10000,0.906,0.10237600396701534,,0.029119385398066418,0.13980537361483306
341,CIFAR10-H,prob_label,10000,CLIP+UMAP,20,euclidean,20,10000,0.9065,0.1025236090819599,,0.028781149697806825,0.13827054577836292
342,CIFAR10-H,prob_label,10000,CLIP+UMAP,20,euclidean,20,10000,0.9041,0.10291110854247902,,0.028925313807223196,0.13880238016155666
343,CIFAR10-H,prob_label,10000,CLIP+UMAP,20,euclidean,20,10000,0.9051,0.10258070001069639,,0.029276415967161372,0.14042514244549767
344,CIFAR10-H,prob_label,10000,CLIP+UMAP,20,euclidean,20,10000,0.9047,0.10273005856903628,,0.02970565874104452,0.1425177672312606
345,CIFAR10-H,prob_label,10000,CLIP+UMAP,20,euclidean,20,100000,0.9139,0.0975183092888723,,0.02713716757090153,0.13011670837926714
346,CIFAR10-H,prob_label,10000,CLIP+UMAP,20,euclidean,20,100000,0.9132,0.09739276979542626,,0.027119991511241892,0.12985958231846967
347,CIFAR10-H,prob_label,10000,CLIP+UMAP,20,euclidean,20,100000,0.9131,0.0976929822241634,,0.026975068168054634,0.12927868994743336
348,CIFAR10-H,prob_label,10000,CLIP+UMAP,20,euclidean,20,100000,0.913,0.09777434575097202,,0.027285806170573003,0.13071509894573524
349,CIFAR10-H,prob_label,10000,CLIP+UMAP,20,euclidean,20,100000,0.9129,0.0975638842217187,,0.02717184363197241,0.1302046350653368
350,CIFAR10-H,prob_label,10000,CLIP+UMAP,20,euclidean,30,10,,,,,
351,CIFAR10-H,prob_label,10000,CLIP+UMAP,20,euclidean,30,10,,,,,
352,CIFAR10-H,prob_label,10000,CLIP+UMAP,20,euclidean,30,10,,,,,
353,CIFAR10-H,prob_label,10000,CLIP+UMAP,20,euclidean,30,10,,,,,
354,CIFAR10-H,prob_label,10000,CLIP+UMAP,20,euclidean,30,10,,,,,
355,CIFAR10-H,prob_label,10000,CLIP+UMAP,20,euclidean,30,25,,,,,
356,CIFAR10-H,prob_label,10000,CLIP+UMAP,20,euclidean,30,25,,,,,
357,CIFAR10-H,prob_label,10000,CLIP+UMAP,20,euclidean,30,25,,,,,
358,CIFAR10-H,prob_label,10000,CLIP+UMAP,20,euclidean,30,25,,,,,
359,CIFAR10-H,prob_label,10000,CLIP+UMAP,20,euclidean,30,25,,,,,
360,CIFAR10-H,prob_label,10000,CLIP+UMAP,20,euclidean,30,50,0.1005,0.27707071123987354,,0.15987263204039784,0.7901398694321875
361,CIFAR10-H,prob_label,10000,CLIP+UMAP,20,euclidean,30,50,0.2689,0.2762905697943321,,0.1605062206119409,0.7934547290170026
362,CIFAR10-H,prob_label,10000,CLIP+UMAP,20,euclidean,30,50,0.1979,0.2806667241463222,,0.15984732845241756,0.7899009858648449
363,CIFAR10-H,prob_label,10000,CLIP+UMAP,20,euclidean,30,50,0.1966,0.27730095738325256,,0.15978509757678785,0.7895466709727628
364,CIFAR10-H,prob_label,10000,CLIP+UMAP,20,euclidean,30,50,0.1476,0.27871268112758557,,0.16038889434302378,0.7902148709919348
365,CIFAR10-H,prob_label,10000,CLIP+UMAP,20,euclidean,30,100,0.5154,0.24114339704247129,,0.1303081024681584,0.6422257936651514
366,CIFAR10-H,prob_label,10000,CLIP+UMAP,20,euclidean,30,100,0.3794,0.24593460174823495,,0.1340379836753284,0.6609856914912735
367,CIFAR10-H,prob_label,10000,CLIP+UMAP,20,euclidean,30,100,0.4395,0.24595134948026262,,0.13288964545654317,0.6536784200492746
368,CIFAR10-H,prob_label,10000,CLIP+UMAP,20,euclidean,30,100,0.4356,0.24641607606464122,,0.13005212913264824,0.6398973061535945
369,CIFAR10-H,prob_label,10000,CLIP+UMAP,20,euclidean,30,100,0.5343,0.23614956630449974,,0.12877443848148534,0.6355428583116902
370,CIFAR10-H,prob_label,10000,CLIP+UMAP,20,euclidean,30,250,0.8664,0.1465917083620265,,0.06225721807882245,0.3015280493932749
371,CIFAR10-H,prob_label,10000,CLIP+UMAP,20,euclidean,30,250,0.8259,0.1587935042660274,,0.07225583449175738,0.3523507445408303
372,CIFAR10-H,prob_label,10000,CLIP+UMAP,20,euclidean,30,250,0.8754,0.15154196809404089,,0.06673399888891574,0.32530885625381295
373,CIFAR10-H,prob_label,10000,CLIP+UMAP,20,euclidean,30,250,0.8728,0.14475116833386759,,0.06182764325131622,0.29852267245164377
374,CIFAR10-H,prob_label,10000,CLIP+UMAP,20,euclidean,30,250,0.8702,0.14698152338566867,,0.06384297791148623,0.30956876578519044
375,CIFAR10-H,prob_label,10000,CLIP+UMAP,20,euclidean,30,500,0.8831,0.11727602316642434,,0.03637587119137587,0.17554472743991906
376,CIFAR10-H,prob_label,10000,CLIP+UMAP,20,euclidean,30,500,0.8796,0.116523493187405,,0.03764987190521561,0.18133483591053365
377,CIFAR10-H,prob_label,10000,CLIP+UMAP,20,euclidean,30,500,0.8763,0.11678562386754457,,0.03700229224570253,0.1767953978849959
378,CIFAR10-H,prob_label,10000,CLIP+UMAP,20,euclidean,30,500,0.8854,0.11582875085576978,,0.036514054114083344,0.17477660109144594
379,CIFAR10-H,prob_label,10000,CLIP+UMAP,20,euclidean,30,500,0.885,0.11516319687335126,,0.037118090191269694,0.17860691518136992
380,CIFAR10-H,prob_label,10000,CLIP+UMAP,20,euclidean,30,1000,0.8849,0.11294412326491605,,0.03411613775617632,0.16414674951698277
381,CIFAR10-H,prob_label,10000,CLIP+UMAP,20,euclidean,30,1000,0.8854,0.11320253747195189,,0.032497734052057546,0.15584958377794939
382,CIFAR10-H,prob_label,10000,CLIP+UMAP,20,euclidean,30,1000,0.8903,0.11295391632073135,,0.03223380056921679,0.15489248835107097
383,CIFAR10-H,prob_label,10000,CLIP+UMAP,20,euclidean,30,1000,0.8895,0.11357073966446826,,0.033660436856170955,0.1623038395290096
384,CIFAR10-H,prob_label,10000,CLIP+UMAP,20,euclidean,30,1000,0.8921,0.11203905939411136,,0.033667722167455436,0.16157399255927943
385,CIFAR10-H,prob_label,10000,CLIP+UMAP,20,euclidean,30,5000,0.8992,0.10656552587263621,,0.03110906162310989,0.14949861860332284
386,CIFAR10-H,prob_label,10000,CLIP+UMAP,20,euclidean,30,5000,0.8992,0.10661001030253683,,0.030772691033532314,0.14755980773934022
387,CIFAR10-H,prob_label,10000,CLIP+UMAP,20,euclidean,30,5000,0.8996,0.10552709190946455,,0.030016246839267485,0.1442242110109192
388,CIFAR10-H,prob_label,10000,CLIP+UMAP,20,euclidean,30,5000,0.8988,0.10656581312783324,,0.03098077353420976,0.1486130490976537
389,CIFAR10-H,prob_label,10000,CLIP+UMAP,20,euclidean,30,5000,0.8989,0.10669084118128973,,0.030917074867693566,0.14816060059258418
390,CIFAR10-H,prob_label,10000,CLIP+UMAP,20,euclidean,30,10000,0.9047,0.10376217817399125,,0.02882369141652711,0.13855090592410296
391,CIFAR10-H,prob_label,10000,CLIP+UMAP,20,euclidean,30,10000,0.9029,0.1040000911256144,,0.02959216120866312,0.1421435081363318
392,CIFAR10-H,prob_label,10000,CLIP+UMAP,20,euclidean,30,10000,0.9034,0.10385636196830483,,0.029967259105573296,0.14369948070536515
393,CIFAR10-H,prob_label,10000,CLIP+UMAP,20,euclidean,30,10000,0.902,0.10395220727254642,,0.029406599900098935,0.1412158232513171
394,CIFAR10-H,prob_label,10000,CLIP+UMAP,20,euclidean,30,10000,0.901,0.10382524178041186,,0.029626284017455186,0.14253222120574813
395,CIFAR10-H,prob_label,10000,CLIP+UMAP,20,euclidean,30,100000,0.9068,0.10000503582209137,,0.02791311667161518,0.13381265380288268
396,CIFAR10-H,prob_label,10000,CLIP+UMAP,20,euclidean,30,100000,0.9082,0.1001148899566976,,0.028048113275351748,0.13439768449192246
397,CIFAR10-H,prob_label,10000,CLIP+UMAP,20,euclidean,30,100000,0.9079,0.100022437102537,,0.028006058992029542,0.13424242771672143
398,CIFAR10-H,prob_label,10000,CLIP+UMAP,20,euclidean,30,100000,0.9076,0.09988240986181725,,0.028073126958106442,0.13451390701119512
399,CIFAR10-H,prob_label,10000,CLIP+UMAP,20,euclidean,30,100000,0.908,0.09997487036337825,,0.0280513875295834,0.1343950988745458
400,CIFAR10-H,prob_label,10000,CLIP+UMAP,20,euclidean,50,10,,,,,
401,CIFAR10-H,prob_label,10000,CLIP+UMAP,20,euclidean,50,10,,,,,
402,CIFAR10-H,prob_label,10000,CLIP+UMAP,20,euclidean,50,10,,,,,
403,CIFAR10-H,prob_label,10000,CLIP+UMAP,20,euclidean,50,10,,,,,
404,CIFAR10-H,prob_label,10000,CLIP+UMAP,20,euclidean,50,10,,,,,
405,CIFAR10-H,prob_label,10000,CLIP+UMAP,20,euclidean,50,25,,,,,
406,CIFAR10-H,prob_label,10000,CLIP+UMAP,20,euclidean,50,25,,,,,
407,CIFAR10-H,prob_label,10000,CLIP+UMAP,20,euclidean,50,25,,,,,
408,CIFAR10-H,prob_label,10000,CLIP+UMAP,20,euclidean,50,25,,,,,
409,CIFAR10-H,prob_label,10000,CLIP+UMAP,20,euclidean,50,25,,,,,
410,CIFAR10-H,prob_label,10000,CLIP+UMAP,20,euclidean,50,50,0.1004,0.28974175873942415,2.2167262617785037,0.17305292494938973,0.8544330760376686
411,CIFAR10-H,prob_label,10000,CLIP+UMAP,20,euclidean,50,50,0.1015,0.28824705358208497,2.1776743503914546,0.1729171695625736,0.8543463531371878
412,CIFAR10-H,prob_label,10000,CLIP+UMAP,20,euclidean,50,50,0.1015,0.28954479943151934,2.2252738617665306,0.17323465993057796,0.8543139243049259
413,CIFAR10-H,prob_label,10000,CLIP+UMAP,20,euclidean,50,50,0.1003,0.2892847295332687,2.206431253713808,0.17329701097287642,0.8544089125800619
414,CIFAR10-H,prob_label,10000,CLIP+UMAP,20,euclidean,50,50,0.0999,0.2884854924361001,2.199155360107291,0.17333489271226105,0.8544738130819783
415,CIFAR10-H,prob_label,10000,CLIP+UMAP,20,euclidean,50,100,0.2225,0.2689195450275105,,0.15384504471954638,0.7594227839754406
416,CIFAR10-H,prob_label,10000,CLIP+UMAP,20,euclidean,50,100,0.1935,0.27097882543654933,,0.1542214373604782,0.7603201807209902
417,CIFAR10-H,prob_label,10000,CLIP+UMAP,20,euclidean,50,100,0.1989,0.27062890905000064,,0.1539693676665455,0.7596418195289784
418,CIFAR10-H,prob_label,10000,CLIP+UMAP,20,euclidean,50,100,0.2936,0.2695055558336497,,0.15417518343491426,0.7605368904188728
419,CIFAR10-H,prob_label,10000,CLIP+UMAP,20,euclidean,50,100,0.1942,0.26929547213268656,,0.15445370249550677,0.7632861226714012
420,CIFAR10-H,prob_label,10000,CLIP+UMAP,20,euclidean,50,250,0.456,0.21974090052908707,,0.10811808349010055,0.5315268439315465
421,CIFAR10-H,prob_label,10000,CLIP+UMAP,20,euclidean,50,250,0.5835,0.21509372923337783,,0.10612356573376305,0.5208513617534869
422,CIFAR10-H,prob_label,10000,CLIP+UMAP,20,euclidean,50,250,0.5134,0.2152968016932279,,0.10653565842730203,0.5228707234912062
423,CIFAR10-H,prob_label,10000,CLIP+UMAP,20,euclidean,50,250,0.6474,0.20994781204295446,,0.10517813468157869,0.5156927787640467
424,CIFAR10-H,prob_label,10000,CLIP+UMAP,20,euclidean,50,250,0.629,0.2132373037055459,,0.10531239908194787,0.5182835647460831
425,CIFAR10-H,prob_label,10000,CLIP+UMAP,20,euclidean,50,500,0.8782,0.12733520483722402,,0.05053482195792401,0.24490117117372392
426,CIFAR10-H,prob_label,10000,CLIP+UMAP,20,euclidean,50,500,0.8755,0.127139741769016,,0.047386575253029424,0.22973560623933623
427,CIFAR10-H,prob_label,10000,CLIP+UMAP,20,euclidean,50,500,0.8736,0.1301040625085312,,0.05094442858085515,0.24738829768987217
428,CIFAR10-H,prob_label,10000,CLIP+UMAP,20,euclidean,50,500,0.8198,0.13057816527490457,,0.05017255041790399,0.24378556014341038
429,CIFAR10-H,prob_label,10000,CLIP+UMAP,20,euclidean,50,500,0.8792,0.12794161569541768,,0.05323945870203024,0.2580577222882076
430,CIFAR10-H,prob_label,10000,CLIP+UMAP,20,euclidean,50,1000,0.882,0.11502585464985986,,0.03444523398651776,0.1661411622619386
431,CIFAR10-H,prob_label,10000,CLIP+UMAP,20,euclidean,50,1000,0.8819,0.11463667527362434,,0.03514642787603782,0.17000414068393724
432,CIFAR10-H,prob_label,10000,CLIP+UMAP,20,euclidean,50,1000,0.8828,0.11414737923625191,,0.03441301858978972,0.16574429125403597
433,CIFAR10-H,prob_label,10000,CLIP+UMAP,20,euclidean,50,1000,0.8837,0.11518156298623924,,0.03667525813955748,0.1763797423330204
434,CIFAR10-H,prob_label,10000,CLIP+UMAP,20,euclidean,50,1000,0.8829,0.11476488745431372,,0.03448565841310106,0.1653246981534184
435,CIFAR10-H,prob_label,10000,CLIP+UMAP,20,euclidean,50,5000,0.8982,0.10800805531869093,,0.030950101123556072,0.14876069534998695
436,CIFAR10-H,prob_label,10000,CLIP+UMAP,20,euclidean,50,5000,0.8964,0.10819519846836427,,0.03091159538860923,0.14850464806463762
437,CIFAR10-H,prob_label,10000,CLIP+UMAP,20,euclidean,50,5000,0.8968,0.10788190102261708,,0.031032939606515396,0.14929353821083444
438,CIFAR10-H,prob_label,10000,CLIP+UMAP,20,euclidean,50,5000,0.8978,0.1073987065486384,,0.0318296903762217,0.1532064505280646
439,CIFAR10-H,prob_label,10000,CLIP+UMAP,20,euclidean,50,5000,0.8957,0.10816732483224008,,0.031480387816239054,0.15124296165580312
440,CIFAR10-H,prob_label,10000,CLIP+UMAP,20,euclidean,50,10000,0.9001,0.10551320983289078,,0.029932464174725233,0.14360801199646825
441,CIFAR10-H,prob_label,10000,CLIP+UMAP,20,euclidean,50,10000,0.8991,0.10563343369617442,,0.03037113206112572,0.14589322759479714
442,CIFAR10-H,prob_label,10000,CLIP+UMAP,20,euclidean,50,10000,0.8985,0.10572284324977055,,0.03011328867081463,0.14461859595053833
443,CIFAR10-H,prob_label,10000,CLIP+UMAP,20,euclidean,50,10000,0.8999,0.10585480856921596,,0.030074023821491762,0.14461706060752855
444,CIFAR10-H,prob_label,10000,CLIP+UMAP,20,euclidean,50,10000,0.8984,0.10537488744942898,,0.030023389331662802,0.14408903615733673
445,CIFAR10-H,prob_label,10000,CLIP+UMAP,20,euclidean,50,100000,0.9025,0.10267609694796384,,0.02913639810191444,0.13985141796427727
446,CIFAR10-H,prob_label,10000,CLIP+UMAP,20,euclidean,50,100000,0.9035,0.10256288001485807,,0.029060423798939798,0.1395161620285884
447,CIFAR10-H,prob_label,10000,CLIP+UMAP,20,euclidean,50,100000,0.9041,0.10265063238795871,,0.02886050821598322,0.1384999738848513
448,CIFAR10-H,prob_label,10000,CLIP+UMAP,20,euclidean,50,100000,0.9041,0.10261915591452744,,0.028999152547836683,0.13906120974450456
449,CIFAR10-H,prob_label,10000,CLIP+UMAP,20,euclidean,50,100000,0.9043,0.10269899374140265,,0.02907214473815346,0.1394689074471948
450,CIFAR10-H,prob_label,10000,CLIP+UMAP,20,euclidean,100,10,,,,,
451,CIFAR10-H,prob_label,10000,CLIP+UMAP,20,euclidean,100,10,,,,,
452,CIFAR10-H,prob_label,10000,CLIP+UMAP,20,euclidean,100,10,,,,,
453,CIFAR10-H,prob_label,10000,CLIP+UMAP,20,euclidean,100,10,,,,,
454,CIFAR10-H,prob_label,10000,CLIP+UMAP,20,euclidean,100,10,,,,,
455,CIFAR10-H,prob_label,10000,CLIP+UMAP,20,euclidean,100,25,,,,,
456,CIFAR10-H,prob_label,10000,CLIP+UMAP,20,euclidean,100,25,,,,,
457,CIFAR10-H,prob_label,10000,CLIP+UMAP,20,euclidean,100,25,,,,,
458,CIFAR10-H,prob_label,10000,CLIP+UMAP,20,euclidean,100,25,,,,,
459,CIFAR10-H,prob_label,10000,CLIP+UMAP,20,euclidean,100,25,,,,,
460,CIFAR10-H,prob_label,10000,CLIP+UMAP,20,euclidean,100,50,,,,,
461,CIFAR10-H,prob_label,10000,CLIP+UMAP,20,euclidean,100,50,,,,,
462,CIFAR10-H,prob_label,10000,CLIP+UMAP,20,euclidean,100,50,,,,,
463,CIFAR10-H,prob_label,10000,CLIP+UMAP,20,euclidean,100,50,,,,,
464,CIFAR10-H,prob_label,10000,CLIP+UMAP,20,euclidean,100,50,,,,,
465,CIFAR10-H,prob_label,10000,CLIP+UMAP,20,euclidean,100,100,0.0981,0.2886392384280225,2.1852893799992055,0.17307219806222127,0.8546415778732358
466,CIFAR10-H,prob_label,10000,CLIP+UMAP,20,euclidean,100,100,0.0998,0.28827317086331045,2.182225128126466,0.17319423916337282,0.8544496230367294
467,CIFAR10-H,prob_label,10000,CLIP+UMAP,20,euclidean,100,100,,,,,
468,CIFAR10-H,prob_label,10000,CLIP+UMAP,20,euclidean,100,100,,,,,
469,CIFAR10-H,prob_label,10000,CLIP+UMAP,20,euclidean,100,100,,,,,
470,CIFAR10-H,prob_label,10000,CLIP+UMAP,20,euclidean,100,250,0.4417,0.2563618588473309,,0.14534990988610402,0.7190322334427693
471,CIFAR10-H,prob_label,10000,CLIP+UMAP,20,euclidean,100,250,0.472,0.25601939609396174,,0.14497809683397658,0.7167930612123555
472,CIFAR10-H,prob_label,10000,CLIP+UMAP,20,euclidean,100,250,0.3854,0.25780508207110964,,0.14594148858932746,0.7210355874476658
473,CIFAR10-H,prob_label,10000,CLIP+UMAP,20,euclidean,100,250,0.3601,0.2598538999798075,,0.1456343937986668,0.7201048435278146
474,CIFAR10-H,prob_label,10000,CLIP+UMAP,20,euclidean,100,250,0.3772,0.25811311118925917,,0.14555595514985345,0.7197568611592622
475,CIFAR10-H,prob_label,10000,CLIP+UMAP,20,euclidean,100,500,0.628,0.21283830420221755,,0.10833321450479468,0.5317877139740058
476,CIFAR10-H,prob_label,10000,CLIP+UMAP,20,euclidean,100,500,0.6294,0.21229542059773204,,0.10671066875810815,0.5250023929714984
477,CIFAR10-H,prob_label,10000,CLIP+UMAP,20,euclidean,100,500,0.6712,0.21333304277930815,,0.10690443621890858,0.5250883634303536
478,CIFAR10-H,prob_label,10000,CLIP+UMAP,20,euclidean,100,500,0.6459,0.21079604825212178,,0.10754087179026248,0.5292652579479663
479,CIFAR10-H,prob_label,10000,CLIP+UMAP,20,euclidean,100,500,0.6135,0.2157494722634543,,0.10878549864507751,0.534805270734085
480,CIFAR10-H,prob_label,10000,CLIP+UMAP,20,euclidean,100,1000,0.876,0.12949126919802367,,0.05411562179843167,0.2636400783427526
481,CIFAR10-H,prob_label,10000,CLIP+UMAP,20,euclidean,100,1000,0.8764,0.12592740721925658,,0.0512423612368158,0.24910973176494636
482,CIFAR10-H,prob_label,10000,CLIP+UMAP,20,euclidean,100,1000,0.8789,0.13035362299189254,,0.054890443809867594,0.2669641946510476
483,CIFAR10-H,prob_label,10000,CLIP+UMAP,20,euclidean,100,1000,0.8768,0.12817297261541016,,0.053359388392513626,0.2591201738951107
484,CIFAR10-H,prob_label,10000,CLIP+UMAP,20,euclidean,100,1000,0.8794,0.1254742324597019,,0.050966406736216906,0.2471321859474041
485,CIFAR10-H,prob_label,10000,CLIP+UMAP,20,euclidean,100,5000,0.8888,0.11051292400851809,,0.03212918490133133,0.1546203939469966
486,CIFAR10-H,prob_label,10000,CLIP+UMAP,20,euclidean,100,5000,0.889,0.11017398514378507,,0.03227999318744848,0.15508550315931996
487,CIFAR10-H,prob_label,10000,CLIP+UMAP,20,euclidean,100,5000,0.8919,0.10977802218369755,,0.032719478748768786,0.15761478591910086
488,CIFAR10-H,prob_label,10000,CLIP+UMAP,20,euclidean,100,5000,0.8888,0.11039052687002385,,0.031833874197800024,0.15276714164757274
489,CIFAR10-H,prob_label,10000,CLIP+UMAP,20,euclidean,100,5000,0.8886,0.10980772862394653,,0.03141311750527877,0.1509662678889815
490,CIFAR10-H,prob_label,10000,CLIP+UMAP,20,euclidean,100,10000,0.8944,0.10823798956402253,,0.03104711432701468,0.14893499783637298
491,CIFAR10-H,prob_label,10000,CLIP+UMAP,20,euclidean,100,10000,0.8958,0.1079256400526103,,0.031243471906736466,0.14997851375333343
492,CIFAR10-H,prob_label,10000,CLIP+UMAP,20,euclidean,100,10000,0.8942,0.10806154858303958,,0.031223569296491255,0.150156673411883
493,CIFAR10-H,prob_label,10000,CLIP+UMAP,20,euclidean,100,10000,0.8931,0.10805191552997537,,0.031096612265607358,0.14948777173488897
494,CIFAR10-H,prob_label,10000,CLIP+UMAP,20,euclidean,100,10000,0.8973,0.10828662944445236,,0.03098700230347078,0.14890332759293512
495,CIFAR10-H,prob_label,10000,CLIP+UMAP,20,euclidean,100,100000,0.8984,0.10568276950483735,,0.030387443295120786,0.145836993320451
496,CIFAR10-H,prob_label,10000,CLIP+UMAP,20,euclidean,100,100000,0.8975,0.10579169519045287,,0.030144043736867403,0.14483450580606572
497,CIFAR10-H,prob_label,10000,CLIP+UMAP,20,euclidean,100,100000,0.8976,0.10569862569294328,,0.030211844915062923,0.145169663829024
498,CIFAR10-H,prob_label,10000,CLIP+UMAP,20,euclidean,100,100000,0.8979,0.10559862483703522,,0.030235801631560404,0.1452893011461658
499,CIFAR10-H,prob_label,10000,CLIP+UMAP,20,euclidean,100,100000,0.8973,0.10572830570829357,,0.030206758522152738,0.14509646138842316
